Workbook

Sheet Introduction
A1: Direct Measurements of COs & POs
A3: - This tool has been prepared to calculate the Course Outcomes (COs) & Program Outcomes (POs) for an Outcome Based Education (OBE) program.
A5: - There are only four spreadsheets (namely – Course Info, Marks, COs-POs & Report) where the user must enter the required data in the yellow cells only.
A7: Basic Instructions:
A9: "Course Info" | B9: Contain general information related to the course, the COs & the CO-PO mapping
A11: "Marks" | B11: The marks for the course should be based on the total mark (i.e. 100) assigned officially
A13: “CO-PO” | B13: COs & POs are calculated in this sheet. The instructor can enter the Target Pass Marks, Key Performance Indicator (KPI) for COs & POs.
A15: "REPORT" | B15: The sheet will generate a report with the COs & POs.
A17: Prepared by:
A19: Hasan Abdullah
A20: Lecturer
A21: Department of Computer Science and Technology
A22: Bangladesh Army International University of Science and Technology
A23: Sydpur, Cumilla
A24: Phone: +8801681523656
A25: E-mail: hasan.cse@baiust.ac.bd

Sheet Course Info
A1: Course Related Information
A2: (Please only enter information in the yellow cells)
B4: Course Code: | C4: CSE 213
B5: Course Title: | C5: Object Oriented Programming Language
B6: Department: | C6: Computer Science and Engineering
B7: Academic Year | C7: 2
B8: Semester | C8: 1
B9: Section | C9: A
B11: Course Outcomes (Cos)
B13: CO1 | C13: Students will be able to classify and apply major object-oriented concepts such as data abstraction, encapsulation, polymorphism, and inheritance.
B14: CO2 | C14: Students will solve various programming problems using C++ features like templates, exceptions, casting, operator overloads, dynamic memory allocation, modularity, I/O, and file I/O.
B15: CO3 | C15: Students will work in groups on presentations and assignments to develop teamwork and collaborative skills.
B16: CO4 | C16: Students will replicate and apply object-oriented software engineering concepts to solve real-life problems.
B17: CO5
B18: CO6
B19: CO7
B20: CO8
B21: CO9
B22: CO10
B24: * Mapping of COs with POs
C26: Engineering knowledge | D26: Problem analysis | E26: Design/development of solutions | F26: Investigation | G26: Modern tool usage | H26: The engineer and society | I26: Environment & sustainability | J26: Ethics | K26: Individual work and teamwork | L26: Communication | M26: Project management and finance | N26: Life-long learning
C27: PO1 | D27: PO2 | E27: PO3 | F27: PO4 | G27: PO5 | H27: PO6 | I27: PO7 | J27: PO8 | K27: PO9 | L27: PO10 | M27: PO11 | N27: PO12
B28: CO1 | C28: 1
B29: CO2 | D29: 1
B30: CO3 | K30: 1
B31: CO4 | D31: 1
B32: CO5
B33: CO6
B34: CO7
B35: CO8
B36: CO9
B37: CO10
B38: CO11
B39: CO12
C40: =SUM(C28:C39) -> 1 | D40: =SUM(D28:D39) -> 2 | E40: =SUM(E28:E39) -> 0 | F40: =SUM(F28:F39) -> 0 | G40: =SUM(G28:G39) -> 0 | H40: =SUM(H28:H39) -> 0 | I40: =SUM(I28:I39) -> 0 | J40: =SUM(J28:J39) -> 0 | ... N40: =SUM(N28:N39) -> 0

Sheet Marks
A1: Assessment Marks Obtained by the Students
A2: (Please only enter information in the yellow cells)
E5: 1 | F5: 2 | G5: 3 | H5: 4 | I5: 5 | J5: 6 | K5: 7 | L5: 8 | M5: 9 | N5: 10 | O5: 11 | P5: 12 | Q5: 13 | R5: 14 | S5: 15 | T5: 16 | U5: 17 | V5: 18 | W5: 19 | X5: 20 | Y5: 21 | Z5: 22 | AA5: 23 | AB5: 24 | AC5: 25 | AD5: 26 | AE5: 27 | AF5: 28 | AG5: 29 | AH5: 30 | AI5: 31 | AJ5: 32 | AK5: 33 | AL5: 34 | AM5: 35 | AN5: 36 | AO5: 37 | AP5: 38 | AQ5: 39 | AR5: 40 | AS5: 41 | AT5: 42 | AU5: 43 | AV5: 44 | AW5: 45 | AX5: 46 | AY5: 47 | AZ5: 48 | BA5: 49 | BB5: 50
D6: CO1 | E6: =IF(E$24=1,E$23,0) -> 10 | F6: =IF(F$24=1,F$23,0) -> 10 | G6: =IF(G$24=1,G$23,0) -> 0 | H6: =IF(H$24=1,H$23,0) -> 0 | I6: =IF(I$24=1,I$23,0) -> 0 | J6: =IF(J$24=1,J$23,0) -> 0 | K6: =IF(K$24=1,K$23,0) -> 30 | L6: =IF(L$24=1,L$23,0) -> 0 | ... P6: =IF(P$24=1,P$23,0) -> 30 | Q6: 0 | R6: =IF(R$24=1,R$23,0) -> 0 | S6: =IF(S$24=1,S$23,0) -> 0 | T6: =IF(T$24=1,T$23,0) -> 0 | U6: =IF(U$24=1,U$23,0) -> 0 | V6: =IF(V$24=1,V$23,0) -> 0 | W6: =IF(W$24=1,W$23,0) -> 0 | X6: =IF(X$24=1,X$23,0) -> 0 | Y6: =IF(Y$24=1,Y$23,0) -> 0 | ... BB6: =IF(BB$24=1,BB$23,0) -> 0 | BC6: =SUM(E6:BB6) -> 140
D7: CO2 | E7: =IF(E$24=2,E$23,0) -> 0 | F7: =IF(F$24=2,F$23,0) -> 0 | G7: =IF(G$24=2,G$23,0) -> 10 | H7: =IF(H$24=2,H$23,0) -> 0 | I7: =IF(I$24=2,I$23,0) -> 0 | J7: =IF(J$24=2,J$23,0) -> 10 | K7: =IF(K$24=2,K$23,0) -> 0 | L7: =IF(L$24=2,L$23,0) -> 0 | ... P7: =IF(P$24=2,P$23,0) -> 0 | Q7: 0 | R7: =IF(R$24=2,R$23,0) -> 30 | S7: =IF(S$24=2,S$23,0) -> 0 | T7: =IF(T$24=2,T$23,0) -> 0 | U7: =IF(U$24=2,U$23,0) -> 0 | V7: =IF(V$24=2,V$23,0) -> 0 | W7: =IF(W$24=2,W$23,0) -> 0 | X7: =IF(X$24=2,X$23,0) -> 0 | Y7: =IF(Y$24=2,Y$23,0) -> 0 | ... BB7: =IF(BB$24=2,BB$23,0) -> 0 | BC7: =SUM(E7:BB7) -> 50
D8: CO3 | E8: =IF(E$24=3,E$23,0) -> 0 | F8: =IF(F$24=3,F$23,0) -> 0 | G8: =IF(G$24=3,G$23,0) -> 0 | H8: =IF(H$24=3,H$23,0) -> 10 | I8: =IF(I$24=3,I$23,0) -> 0 | J8: =IF(J$24=3,J$23,0) -> 0 | K8: =IF(K$24=3,K$23,0) -> 0 | L8: =IF(L$24=3,L$23,0) -> 0 | ... P8: =IF(P$24=3,P$23,0) -> 0 | Q8: 0 | R8: =IF(R$24=3,R$23,0) -> 0 | S8: =IF(S$24=3,S$23,0) -> 0 | T8: =IF(T$24=3,T$23,0) -> 0 | U8: =IF(U$24=3,U$23,0) -> 0 | V8: =IF(V$24=3,V$23,0) -> 0 | W8: =IF(W$24=3,W$23,0) -> 0 | X8: =IF(X$24=3,X$23,0) -> 0 | Y8: =IF(Y$24=3,Y$23,0) -> 0 | ... BB8: =IF(BB$24=3,BB$23,0) -> 0 | BC8: =SUM(E8:BB8) -> 10
D9: CO4 | E9: =IF(E$24=4,E$23,0) -> 0 | F9: =IF(F$24=4,F$23,0) -> 0 | G9: =IF(G$24=4,G$23,0) -> 0 | H9: =IF(H$24=4,H$23,0) -> 0 | I9: =IF(I$24=4,I$23,0) -> 0 | J9: =IF(J$24=4,J$23,0) -> 0 | K9: =IF(K$24=4,K$23,0) -> 0 | L9: =IF(L$24=4,L$23,0) -> 30 | ... P9: =IF(P$24=4,P$23,0) -> 0 | Q9: 0 | R9: =IF(R$24=4,R$23,0) -> 0 | S9: =IF(S$24=4,S$23,0) -> 0 | T9: =IF(T$24=4,T$23,0) -> 0 | U9: =IF(U$24=4,U$23,0) -> 0 | V9: =IF(V$24=4,V$23,0) -> 0 | W9: =IF(W$24=4,W$23,0) -> 0 | X9: =IF(X$24=4,X$23,0) -> 0 | Y9: =IF(Y$24=4,Y$23,0) -> 0 | ... BB9: =IF(BB$24=4,BB$23,0) -> 0 | BC9: =SUM(E9:BB9) -> 60
D10: CO5 | E10: =IF(E$24=5,E$23,0) -> 0 | F10: =IF(F$24=5,F$23,0) -> 0 | G10: =IF(G$24=5,G$23,0) -> 0 | H10: =IF(H$24=5,H$23,0) -> 0 | I10: =IF(I$24=5,I$23,0) -> 0 | J10: =IF(J$24=5,J$23,0) -> 0 | K10: =IF(K$24=5,K$23,0) -> 0 | L10: =IF(L$24=5,L$23,0) -> 0 | ... P10: =IF(P$24=5,P$23,0) -> 0 | Q10: 0 | R10: =IF(R$24=5,R$23,0) -> 0 | S10: =IF(S$24=5,S$23,0) -> 0 | T10: =IF(T$24=5,T$23,0) -> 0 | U10: =IF(U$24=5,U$23,0) -> 0 | V10: =IF(V$24=5,V$23,0) -> 0 | W10: =IF(W$24=5,W$23,0) -> 0 | X10: =IF(X$24=5,X$23,0) -> 0 | Y10: =IF(Y$24=5,Y$23,0) -> 0 | ... BB10: =IF(BB$24=5,BB$23,0) -> 0 | BC10: =SUM(E10:BB10) -> 0
D11: CO6 | E11: =IF(E$24=6,E$23,0) -> 0 | F11: =IF(F$24=6,F$23,0) -> 0 | G11: =IF(G$24=6,G$23,0) -> 0 | H11: =IF(H$24=6,H$23,0) -> 0 | I11: =IF(I$24=6,I$23,0) -> 0 | J11: =IF(J$24=6,J$23,0) -> 0 | K11: =IF(K$24=6,K$23,0) -> 0 | L11: =IF(L$24=6,L$23,0) -> 0 | ... P11: =IF(P$24=6,P$23,0) -> 0 | Q11: 0 | R11: =IF(R$24=6,R$23,0) -> 0 | S11: =IF(S$24=6,S$23,0) -> 0 | T11: =IF(T$24=6,T$23,0) -> 0 | U11: =IF(U$24=6,U$23,0) -> 0 | V11: =IF(V$24=6,V$23,0) -> 0 | W11: =IF(W$24=6,W$23,0) -> 0 | X11: =IF(X$24=6,X$23,0) -> 0 | Y11: =IF(Y$24=6,Y$23,0) -> 0 | ... BB11: =IF(BB$24=6,BB$23,0) -> 0 | BC11: =SUM(E11:BB11) -> 0
D12: CO7 | E12: =IF(E$24=7,E$23,0) -> 0 | F12: =IF(F$24=7,F$23,0) -> 0 | G12: =IF(G$24=7,G$23,0) -> 0 | H12: =IF(H$24=7,H$23,0) -> 0 | I12: =IF(I$24=7,I$23,0) -> 0 | J12: =IF(J$24=7,J$23,0) -> 0 | K12: =IF(K$24=7,K$23,0) -> 0 | L12: =IF(L$24=7,L$23,0) -> 0 | ... P12: =IF(P$24=7,P$23,0) -> 0 | Q12: 0 | R12: =IF(R$24=7,R$23,0) -> 0 | S12: =IF(S$24=7,S$23,0) -> 0 | T12: =IF(T$24=7,T$23,0) -> 0 | U12: =IF(U$24=7,U$23,0) -> 0 | V12: =IF(V$24=7,V$23,0) -> 0 | W12: =IF(W$24=7,W$23,0) -> 0 | X12: =IF(X$24=7,X$23,0) -> 0 | Y12: =IF(Y$24=7,Y$23,0) -> 0 | ... BB12: =IF(BB$24=7,BB$23,0) -> 0 | BC12: =SUM(E12:BB12) -> 0
D13: CO8 | E13: =IF(E$24=8,E$23,0) -> 0 | F13: =IF(F$24=8,F$23,0) -> 0 | G13: =IF(G$24=8,G$23,0) -> 0 | H13: =IF(H$24=8,H$23,0) -> 0 | I13: =IF(I$24=8,I$23,0) -> 0 | J13: =IF(J$24=8,J$23,0) -> 0 | K13: =IF(K$24=8,K$23,0) -> 0 | L13: =IF(L$24=8,L$23,0) -> 0 | ... P13: =IF(P$24=8,P$23,0) -> 0 | Q13: 0 | R13: =IF(R$24=8,R$23,0) -> 0 | S13: =IF(S$24=8,S$23,0) -> 0 | T13: =IF(T$24=8,T$23,0) -> 0 | U13: =IF(U$24=8,U$23,0) -> 0 | V13: =IF(V$24=8,V$23,0) -> 0 | W13: =IF(W$24=8,W$23,0) -> 0 | X13: =IF(X$24=8,X$23,0) -> 0 | Y13: =IF(Y$24=8,Y$23,0) -> 0 | ... BB13: =IF(BB$24=8,BB$23,0) -> 0 | BC13: =SUM(E13:BB13) -> 0
D14: CO9 | E14: =IF(E$24=9,E$23,0) -> 0 | F14: =IF(F$24=9,F$23,0) -> 0 | G14: =IF(G$24=9,G$23,0) -> 0 | H14: =IF(H$24=9,H$23,0) -> 0 | I14: =IF(I$24=9,I$23,0) -> 0 | J14: =IF(J$24=9,J$23,0) -> 0 | K14: =IF(K$24=9,K$23,0) -> 0 | L14: =IF(L$24=9,L$23,0) -> 0 | ... P14: =IF(P$24=9,P$23,0) -> 0 | Q14: 0 | R14: =IF(R$24=9,R$23,0) -> 0 | S14: =IF(S$24=9,S$23,0) -> 0 | T14: =IF(T$24=9,T$23,0) -> 0 | U14: =IF(U$24=9,U$23,0) -> 0 | V14: =IF(V$24=9,V$23,0) -> 0 | W14: =IF(W$24=9,W$23,0) -> 0 | X14: =IF(X$24=9,X$23,0) -> 0 | Y14: =IF(Y$24=9,Y$23,0) -> 0 | ... BB14: =IF(BB$24=9,BB$23,0) -> 0 | BC14: =SUM(E14:BB14) -> 0
D15: CO10 | E15: =IF(E$24=10,E$23,0) -> 0 | F15: =IF(F$24=10,F$23,0) -> 0 | G15: =IF(G$24=10,G$23,0) -> 0 | H15: =IF(H$24=10,H$23,0) -> 0 | I15: =IF(I$24=10,I$23,0) -> 0 | J15: =IF(J$24=10,J$23,0) -> 0 | K15: =IF(K$24=10,K$23,0) -> 0 | L15: =IF(L$24=10,L$23,0) -> 0 | ... P15: =IF(P$24=10,P$23,0) -> 0 | Q15: 0 | R15: =IF(R$24=10,R$23,0) -> 0 | S15: =IF(S$24=10,S$23,0) -> 0 | T15: =IF(T$24=10,T$23,0) -> 0 | U15: =IF(U$24=10,U$23,0) -> 0 | V15: =IF(V$24=10,V$23,0) -> 0 | W15: =IF(W$24=10,W$23,0) -> 0 | X15: =IF(X$24=10,X$23,0) -> 0 | Y15: =IF(Y$24=10,Y$23,0) -> 0 | ... BB15: =IF(BB$24=10,BB$23,0) -> 0 | BC15: =SUM(E15:BB15) -> 0
D16: CO11 | E16: =IF(E$24=11,E$23,0) -> 0 | F16: =IF(F$24=11,F$23,0) -> 0 | G16: =IF(G$24=11,G$23,0) -> 0 | H16: =IF(H$24=11,H$23,0) -> 0 | I16: =IF(I$24=11,I$23,0) -> 0 | J16: =IF(J$24=11,J$23,0) -> 0 | K16: =IF(K$24=11,K$23,0) -> 0 | L16: =IF(L$24=11,L$23,0) -> 0 | ... P16: =IF(P$24=11,P$23,0) -> 0 | Q16: 0 | R16: =IF(R$24=11,R$23,0) -> 0 | S16: =IF(S$24=11,S$23,0) -> 0 | T16: =IF(T$24=11,T$23,0) -> 0 | U16: =IF(U$24=11,U$23,0) -> 0 | V16: =IF(V$24=11,V$23,0) -> 0 | W16: =IF(W$24=11,W$23,0) -> 0 | X16: =IF(X$24=11,X$23,0) -> 0 | Y16: =IF(Y$24=11,Y$23,0) -> 0 | ... BB16: =IF(BB$24=11,BB$23,0) -> 0 | BC16: =SUM(E16:BB16) -> 0
D17: CO12 | E17: =IF(E$24=12,E$23,0) -> 0 | F17: =IF(F$24=12,F$23,0) -> 0 | G17: =IF(G$24=12,G$23,0) -> 0 | H17: =IF(H$24=12,H$23,0) -> 0 | I17: =IF(I$24=12,I$23,0) -> 0 | J17: =IF(J$24=12,J$23,0) -> 0 | K17: =IF(K$24=12,K$23,0) -> 0 | L17: =IF(L$24=12,L$23,0) -> 0 | ... P17: =IF(P$24=12,P$23,0) -> 0 | Q17: 0 | R17: =IF(R$24=12,R$23,0) -> 0 | S17: =IF(S$24=12,S$23,0) -> 0 | T17: =IF(T$24=12,T$23,0) -> 0 | U17: =IF(U$24=12,U$23,0) -> 0 | V17: =IF(V$24=12,V$23,0) -> 0 | W17: =IF(W$24=12,W$23,0) -> 0 | X17: =IF(X$24=12,X$23,0) -> 0 | Y17: =IF(Y$24=12,Y$23,0) -> 0 | ... BB17: =IF(BB$24=12,BB$23,0) -> 0 | BC17: =SUM(E17:BB17) -> 0
D20: Assessment Type | E20: CP
D21: Description | E21: Assessment (60) | K21: Mid Term (90) | N21: Term Final (150)
E22: CT-1 | F22: CT-2 | G22: CT-3 | H22: Assignment | I22: Attendance | J22: Performace | K22: Q1 | L22: Q2 | M22: Q3 | N22: Q1 | O22: Q2 | P22: Q3 | Q22: Q4 | R22: Q5
D23: Maximum Marks | E23: 10 | F23: 10 | G23: 10 | H23: 10 | I23: 10 | J23: 10 | K23: 30 | L23: 30 | M23: 30 | N23: 30 | O23: 30 | P23: 30 | Q23: 30 | R23: 30 | BC23: =SUM(E23:BB23) -> 300 | BD23: Grade
D24: CO | E24: 1 | F24: 1 | G24: 2 | H24: 3 | J24: 2 | K24: 1 | L24: 4 | M24: 1 | N24: 1 | O24: 4 | P24: 1 | Q24: 2 | R24: 2
B26: Student Information
B27: * ID | C27: Name | D27: No. | E27: 1 | F27: 2 | G27: 3 | H27: 4 | I27: 5 | J27: 6 | K27: 7 | L27: 8 | M27: 9 | N27: 10 | O27: 11 | P27: 12 | Q27: 13 | R27: 14 | S27: 15 | T27: 16 | U27: 17 | V27: 18 | W27: 19 | X27: 20 | Y27: 21 | Z27: 22 | AA27: 23 | AB27: 24 | AC27: 25 | AD27: 26 | AE27: 27 | AF27: 28 | AG27: 29 | AH27: 30 | AI27: 31 | AJ27: 32 | AK27: 33 | AL27: 34 | AM27: 35 | AN27: 36 | AO27: 37 | AP27: 38 | AQ27: 39 | AR27: 40 | AS27: 41 | AT27: 42 | AU27: 43 | AV27: 44 | AW27: 45 | AX27: 46 | AY27: 47 | AZ27: 48 | BA27: 49 | BB27: 50
A28: 1 | B28: 1119002 | C28: Khandoker Fariya Afroje Naba | E28: 3 | F28: 7 | G28: 6 | H28: 7 | I28: 10 | J28: 10 | K28: 25 | L28: 25 | M28: 20 | N28: 30 | O28: 30 | P28: 25 | Q28: 27 | R28: 13 | BC28: =SUM(E28:K28) -> 68 | BD28: =IF(BC28>=80,"A+",IF(BC28>=75,"A",IF(BC28>=70,"A-",IF(BC28>=65,"B+",IF(BC28>=60,"B",IF(BC28>=55,"B-",IF(BC28>=50,"C+",IF(BC28>=45,"C",IF(BC28>=40,"D","F"))))))))) -> B+
A29: 2 | B29: 1119003 | C29: Md Najmus Sakib Rahatul | E29: 5 | F29: 4 | G29: 7 | H29: 8 | I29: 9 | J29: 10 | K29: 18 | L29: 22 | M29: 19 | N29: 10 | O29: 15 | P29: 30 | Q29: 20 | R29: 9 | BC29: =SUM(E29:K29) -> 61 | BD29: =IF(BC29>=80,"A+",IF(BC29>=75,"A",IF(BC29>=70,"A-",IF(BC29>=65,"B+",IF(BC29>=60,"B",IF(BC29>=55,"B-",IF(BC29>=50,"C+",IF(BC29>=45,"C",IF(BC29>=40,"D","F"))))))))) -> B
A30: 3 | B30: 1119004 | C30: Nesar Uddin Ifag | E30: 5 | F30: 6 | G30: 5 | H30: 8 | I30: 10 | J30: 10 | K30: 26 | L30: 23 | M30: 22 | N30: 23 | O30: 21 | P30: 22 | Q30: 23 | R30: 19 | BC30: =SUM(E30:K30) -> 70 | BD30: =IF(BC30>=80,"A+",IF(BC30>=75,"A",IF(BC30>=70,"A-",IF(BC30>=65,"B+",IF(BC30>=60,"B",IF(BC30>=55,"B-",IF(BC30>=50,"C+",IF(BC30>=45,"C",IF(BC30>=40,"D","F"))))))))) -> A-
A31: 4 | B31: 1119005 | C31: Musheu Hakim Firoz | E31: 7 | F31: 8 | G31: 7 | H31: 7 | I31: 10 | J31: 10 | K31: 27 | L31: 20 | M31: 22 | N31: 28 | O31: 15 | P31: 22 | Q31: 26 | R31: 29 | BC31: =SUM(E31:K31) -> 76 | BD31: =IF(BC31>=80,"A+",IF(BC31>=75,"A",IF(BC31>=70,"A-",IF(BC31>=65,"B+",IF(BC31>=60,"B",IF(BC31>=55,"B-",IF(BC31>=50,"C+",IF(BC31>=45,"C",IF(BC31>=40,"D","F"))))))))) -> A
A32: 5 | B32: 1119006 | C32: Sabrina Rahman Tisha | E32: 3 | F32: 5 | G32: 9 | H32: 7 | I32: 10 | J32: 10 | K32: 23 | L32: 13 | M32: 16 | N32: 22 | O32: 26 | P32: 10 | Q32: 29 | R32: 3 | BC32: =SUM(E32:K32) -> 67 | BD32: =IF(BC32>=80,"A+",IF(BC32>=75,"A",IF(BC32>=70,"A-",IF(BC32>=65,"B+",IF(BC32>=60,"B",IF(BC32>=55,"B-",IF(BC32>=50,"C+",IF(BC32>=45,"C",IF(BC32>=40,"D","F"))))))))) -> B+
A33: 6 | B33: 1119007 | C33: Rayhan Alam Towhid | E33: 6 | F33: 7 | G33: 5 | H33: 7 | I33: 10 | J33: 10 | K33: 16 | L33: 12 | M33: 13 | N33: 15 | O33: 18 | P33: 15 | Q33: 22 | R33: 10 | BC33: =SUM(E33:K33) -> 61 | BD33: =IF(BC33>=80,"A+",IF(BC33>=75,"A",IF(BC33>=70,"A-",IF(BC33>=65,"B+",IF(BC33>=60,"B",IF(BC33>=55,"B-",IF(BC33>=50,"C+",IF(BC33>=45,"C",IF(BC33>=40,"D","F"))))))))) -> B
A34: 7 | B34: 1119009 | C34: Salbina Nishat Suchi | E34: 7 | F34: 5 | G34: 7 | H34: 8 | I34: 10 | J34: 10 | K34: 18 | L34: 15 | M34: 20 | N34: 21 | O34: 25 | P34: 14 | Q34: 24 | R34: 16 | BC34: =SUM(E34:K34) -> 65 | BD34: =IF(BC34>=80,"A+",IF(BC34>=75,"A",IF(BC34>=70,"A-",IF(BC34>=65,"B+",IF(BC34>=60,"B",IF(BC34>=55,"B-",IF(BC34>=50,"C+",IF(BC34>=45,"C",IF(BC34>=40,"D","F"))))))))) -> B+
A35: 8 | B35: 1119010 | C35: Kazi Mahfuz Islam | E35: 5 | F35: 7 | G35: 8 | H35: 7 | I35: 9 | J35: 10 | K35: 26 | L35: 28 | M35: 23 | N35: 23 | O35: 27 | P35: 10 | Q35: 24 | R35: 22 | BC35: =SUM(E35:K35) -> 72 | BD35: =IF(BC35>=80,"A+",IF(BC35>=75,"A",IF(BC35>=70,"A-",IF(BC35>=65,"B+",IF(BC35>=60,"B",IF(BC35>=55,"B-",IF(BC35>=50,"C+",IF(BC35>=45,"C",IF(BC35>=40,"D","F"))))))))) -> A-
A36: 9 | B36: 1119013 | C36: Shedratul Muntaha Maisha | E36: 7 | F36: 8 | G36: 7 | H36: 10 | I36: 10 | J36: 10 | K36: 21 | L36: 27 | M36: 28 | N36: 20 | O36: 26 | P36: 24 | Q36: 23 | R36: 17 | BC36: =SUM(E36:K36) -> 73 | BD36: =IF(BC36>=80,"A+",IF(BC36>=75,"A",IF(BC36>=70,"A-",IF(BC36>=65,"B+",IF(BC36>=60,"B",IF(BC36>=55,"B-",IF(BC36>=50,"C+",IF(BC36>=45,"C",IF(BC36>=40,"D","F"))))))))) -> A-
A37: 10 | B37: 1119016 | C37: Sumiya Tasmi | E37: 9 | F37: 9 | H37: 8 | I37: 10 | J37: 10 | K37: 30 | L37: 27 | M37: 23 | N37: 30 | O37: 30 | P37: 26 | Q37: 28 | R37: 22 | BC37: =SUM(E37:K37) -> 76 | BD37: =IF(BC37>=80,"A+",IF(BC37>=75,"A",IF(BC37>=70,"A-",IF(BC37>=65,"B+",IF(BC37>=60,"B",IF(BC37>=55,"B-",IF(BC37>=50,"C+",IF(BC37>=45,"C",IF(BC37>=40,"D","F"))))))))) -> A
A38: 11 | B38: 1119017 | C38: Anika Bushra Lubna | E38: 8 | F38: 10 | G38: 8 | H38: 8 | I38: 10 | J38: 10 | K38: 27 | L38: 25 | M38: 6 | N38: 15 | O38: 27 | P38: 26 | Q38: 25 | R38: 20 | BC38: =SUM(E38:K38) -> 81 | BD38: =IF(BC38>=80,"A+",IF(BC38>=75,"A",IF(BC38>=70,"A-",IF(BC38>=65,"B+",IF(BC38>=60,"B",IF(BC38>=55,"B-",IF(BC38>=50,"C+",IF(BC38>=45,"C",IF(BC38>=40,"D","F"))))))))) -> A+
A39: 12 | B39: 1119018 | C39: Jannatul Ferdous | E39: 7 | F39: 10 | G39: 9 | H39: 10 | I39: 9 | J39: 10 | K39: 16 | L39: 30 | M39: 24 | N39: 30 | O39: 30 | P39: 24 | Q39: 23 | R39: 21 | BC39: =SUM(E39:K39) -> 71 | BD39: =IF(BC39>=80,"A+",IF(BC39>=75,"A",IF(BC39>=70,"A-",IF(BC39>=65,"B+",IF(BC39>=60,"B",IF(BC39>=55,"B-",IF(BC39>=50,"C+",IF(BC39>=45,"C",IF(BC39>=40,"D","F"))))))))) -> A-
A40: 13 | B40: 1119021 | C40: Israt Jahan Sweety | E40: 6 | F40: 8 | G40: 7 | H40: 10 | I40: 10 | J40: 10 | K40: 11 | L40: 22 | M40: 15 | N40: 20 | O40: 18 | P40: 16 | Q40: 16 | R40: 24 | BC40: =SUM(E40:K40) -> 62 | BD40: =IF(BC40>=80,"A+",IF(BC40>=75,"A",IF(BC40>=70,"A-",IF(BC40>=65,"B+",IF(BC40>=60,"B",IF(BC40>=55,"B-",IF(BC40>=50,"C+",IF(BC40>=45,"C",IF(BC40>=40,"D","F"))))))))) -> B
A41: 14 | B41: 1119022 | C41: Mosa Nusrat Jahan Ema | E41: 7 | F41: 8 | G41: 7 | H41: 7 | I41: 10 | J41: 10 | K41: 24 | L41: 21 | M41: 21 | N41: 23 | O41: 30 | P41: 23 | Q41: 21 | R41: 14 | BC41: =SUM(E41:K41) -> 73 | BD41: =IF(BC41>=80,"A+",IF(BC41>=75,"A",IF(BC41>=70,"A-",IF(BC41>=65,"B+",IF(BC41>=60,"B",IF(BC41>=55,"B-",IF(BC41>=50,"C+",IF(BC41>=45,"C",IF(BC41>=40,"D","F"))))))))) -> A-
A42: 15 | B42: 1119025 | C42: Robiul Hasan Rayhan | E42: 8 | F42: 10 | G42: 10 | H42: 8 | I42: 10 | J42: 10 | K42: 19 | L42: 13 | M42: 10 | N42: 6 | O42: 27 | P42: 10 | Q42: 24 | R42: 13 | BC42: =SUM(E42:K42) -> 75 | BD42: =IF(BC42>=80,"A+",IF(BC42>=75,"A",IF(BC42>=70,"A-",IF(BC42>=65,"B+",IF(BC42>=60,"B",IF(BC42>=55,"B-",IF(BC42>=50,"C+",IF(BC42>=45,"C",IF(BC42>=40,"D","F"))))))))) -> A
A43: 16 | B43: 1119026 | C43: Jahidul Alam Fahim | E43: 8 | F43: 0 | G43: 0 | H43: 10 | I43: 5 | J43: 10 | K43: 23 | L43: 25 | M43: 20 | N43: 21 | O43: 30 | P43: 28 | Q43: 28 | R43: 15 | BC43: =SUM(E43:K43) -> 56 | BD43: =IF(BC43>=80,"A+",IF(BC43>=75,"A",IF(BC43>=70,"A-",IF(BC43>=65,"B+",IF(BC43>=60,"B",IF(BC43>=55,"B-",IF(BC43>=50,"C+",IF(BC43>=45,"C",IF(BC43>=40,"D","F"))))))))) -> B-
A44: 17 | B44: 1119027 | C44: Sabera Subhani Himu | E44: 3 | F44: 10 | G44: 10 | H44: 9 | I44: 10 | J44: 10 | K44: 25 | L44: 25 | M44: 23 | N44: 28 | O44: 27 | P44: 27 | Q44: 26 | R44: 25 | BC44: =SUM(E44:K44) -> 77 | BD44: =IF(BC44>=80,"A+",IF(BC44>=75,"A",IF(BC44>=70,"A-",IF(BC44>=65,"B+",IF(BC44>=60,"B",IF(BC44>=55,"B-",IF(BC44>=50,"C+",IF(BC44>=45,"C",IF(BC44>=40,"D","F"))))))))) -> A
A45: 18 | B45: 1119028 | C45: Faria Islam | E45: 3 | F45: 6 | G45: 9 | H45: 9 | I45: 10 | J45: 10 | K45: 23 | L45: 25 | M45: 12 | N45: 25 | O45: 26 | P45: 20 | Q45: 30 | R45: 19 | BC45: =SUM(E45:K45) -> 70 | BD45: =IF(BC45>=80,"A+",IF(BC45>=75,"A",IF(BC45>=70,"A-",IF(BC45>=65,"B+",IF(BC45>=60,"B",IF(BC45>=55,"B-",IF(BC45>=50,"C+",IF(BC45>=45,"C",IF(BC45>=40,"D","F"))))))))) -> A-
A46: 19 | B46: 1119031 | C46: Sharmin Jahan Tisha | E46: 3 | F46: 8 | G46: 8 | H46: 9 | I46: 10 | J46: 10 | K46: 22 | L46: 23 | M46: 21 | N46: 28 | O46: 28 | P46: 25 | Q46: 26 | R46: 23 | BC46: =SUM(E46:K46) -> 70 | BD46: =IF(BC46>=80,"A+",IF(BC46>=75,"A",IF(BC46>=70,"A-",IF(BC46>=65,"B+",IF(BC46>=60,"B",IF(BC46>=55,"B-",IF(BC46>=50,"C+",IF(BC46>=45,"C",IF(BC46>=40,"D","F"))))))))) -> A-
A47: 20 | B47: 1119034 | C47: Arfin Hoque Mim | E47: 9 | F47: 10 | G47: 10 | H47: 10 | I47: 10 | J47: 10 | K47: 23 | L47: 27 | M47: 21 | N47: 28 | O47: 28 | P47: 28 | Q47: 29 | R47: 28 | BC47: =SUM(E47:K47) -> 82 | BD47: =IF(BC47>=80,"A+",IF(BC47>=75,"A",IF(BC47>=70,"A-",IF(BC47>=65,"B+",IF(BC47>=60,"B",IF(BC47>=55,"B-",IF(BC47>=50,"C+",IF(BC47>=45,"C",IF(BC47>=40,"D","F"))))))))) -> A+
A48: 21 | B48: 1119036 | C48: Safa Rahman | E48: 2 | F48: 3 | G48: 9 | H48: 9 | I48: 10 | J48: 10 | K48: 19 | L48: 22 | M48: 8 | N48: 8 | O48: 28 | P48: 14 | Q48: 21 | R48: 0 | BC48: =SUM(E48:K48) -> 62 | BD48: =IF(BC48>=80,"A+",IF(BC48>=75,"A",IF(BC48>=70,"A-",IF(BC48>=65,"B+",IF(BC48>=60,"B",IF(BC48>=55,"B-",IF(BC48>=50,"C+",IF(BC48>=45,"C",IF(BC48>=40,"D","F"))))))))) -> B
A49: 22 | B49: 1119037 | C49: Md. Rahique Osman | E49: 8 | F49: 10 | G49: 9 | H49: 10 | I49: 10 | J49: 10 | K49: 30 | L49: 29 | M49: 29 | N49: 30 | O49: 26 | P49: 24 | Q49: 25 | R49: 28 | BC49: =SUM(E49:K49) -> 87 | BD49: =IF(BC49>=80,"A+",IF(BC49>=75,"A",IF(BC49>=70,"A-",IF(BC49>=65,"B+",IF(BC49>=60,"B",IF(BC49>=55,"B-",IF(BC49>=50,"C+",IF(BC49>=45,"C",IF(BC49>=40,"D","F"))))))))) -> A+
... A58: 31 | B58: 1119050 | C58: Shahidul Islam | E58: 2 | F58: 7 | G58: 6 | H58: 6 | I58: 10 | J58: 10 | K58: 19 | L58: 17 | M58: 14 | N58: 12 | O58: 24 | P58: 6 | Q58: 22 | R58: 0 | BC58: =SUM(E58:K58) -> 60 | BD58: =IF(BC58>=80,"A+",IF(BC58>=75,"A",IF(BC58>=70,"A-",IF(BC58>=65,"B+",IF(BC58>=60,"B",IF(BC58>=55,"B-",IF(BC58>=50,"C+",IF(BC58>=45,"C",IF(BC58>=40,"D","F"))))))))) -> B
A59: 32 | BC59: =SUM(E59:K59) -> 0 | BD59: =IF(BC59>=80,"A+",IF(BC59>=75,"A",IF(BC59>=70,"A-",IF(BC59>=65,"B+",IF(BC59>=60,"B",IF(BC59>=55,"B-",IF(BC59>=50,"C+",IF(BC59>=45,"C",IF(BC59>=40,"D","F"))))))))) -> F
A60: 33 | BC60: =SUM(E60:K60) -> 0 | BD60: =IF(BC60>=80,"A+",IF(BC60>=75,"A",IF(BC60>=70,"A-",IF(BC60>=65,"B+",IF(BC60>=60,"B",IF(BC60>=55,"B-",IF(BC60>=50,"C+",IF(BC60>=45,"C",IF(BC60>=40,"D","F"))))))))) -> F
A61: 34 | BC61: =SUM(E61:K61) -> 0 | BD61: =IF(BC61>=80,"A+",IF(BC61>=75,"A",IF(BC61>=70,"A-",IF(BC61>=65,"B+",IF(BC61>=60,"B",IF(BC61>=55,"B-",IF(BC61>=50,"C+",IF(BC61>=45,"C",IF(BC61>=40,"D","F"))))))))) -> F
A62: 35 | BC62: =SUM(E62:K62) -> 0 | BD62: =IF(BC62>=80,"A+",IF(BC62>=75,"A",IF(BC62>=70,"A-",IF(BC62>=65,"B+",IF(BC62>=60,"B",IF(BC62>=55,"B-",IF(BC62>=50,"C+",IF(BC62>=45,"C",IF(BC62>=40,"D","F"))))))))) -> F
A63: 36 | BC63: =SUM(E63:K63) -> 0 | BD63: =IF(BC63>=80,"A+",IF(BC63>=75,"A",IF(BC63>=70,"A-",IF(BC63>=65,"B+",IF(BC63>=60,"B",IF(BC63>=55,"B-",IF(BC63>=50,"C+",IF(BC63>=45,"C",IF(BC63>=40,"D","F"))))))))) -> F
A64: 37 | BC64: =SUM(E64:K64) -> 0 | BD64: =IF(BC64>=80,"A+",IF(BC64>=75,"A",IF(BC64>=70,"A-",IF(BC64>=65,"B+",IF(BC64>=60,"B",IF(BC64>=55,"B-",IF(BC64>=50,"C+",IF(BC64>=45,"C",IF(BC64>=40,"D","F"))))))))) -> F
A65: 38 | BC65: =SUM(E65:K65) -> 0 | BD65: =IF(BC65>=80,"A+",IF(BC65>=75,"A",IF(BC65>=70,"A-",IF(BC65>=65,"B+",IF(BC65>=60,"B",IF(BC65>=55,"B-",IF(BC65>=50,"C+",IF(BC65>=45,"C",IF(BC65>=40,"D","F"))))))))) -> F
A66: 39 | BC66: =SUM(E66:K66) -> 0 | BD66: =IF(BC66>=80,"A+",IF(BC66>=75,"A",IF(BC66>=70,"A-",IF(BC66>=65,"B+",IF(BC66>=60,"B",IF(BC66>=55,"B-",IF(BC66>=50,"C+",IF(BC66>=45,"C",IF(BC66>=40,"D","F"))))))))) -> F
A67: 40 | BC67: =SUM(E67:K67) -> 0 | BD67: =IF(BC67>=80,"A+",IF(BC67>=75,"A",IF(BC67>=70,"A-",IF(BC67>=65,"B+",IF(BC67>=60,"B",IF(BC67>=55,"B-",IF(BC67>=50,"C+",IF(BC67>=45,"C",IF(BC67>=40,"D","F"))))))))) -> F
A68: 41 | BC68: =SUM(E68:K68) -> 0 | BD68: =IF(BC68>=80,"A+",IF(BC68>=75,"A",IF(BC68>=70,"A-",IF(BC68>=65,"B+",IF(BC68>=60,"B",IF(BC68>=55,"B-",IF(BC68>=50,"C+",IF(BC68>=45,"C",IF(BC68>=40,"D","F"))))))))) -> F
A69: 42 | BC69: =SUM(E69:K69) -> 0 | BD69: =IF(BC69>=80,"A+",IF(BC69>=75,"A",IF(BC69>=70,"A-",IF(BC69>=65,"B+",IF(BC69>=60,"B",IF(BC69>=55,"B-",IF(BC69>=50,"C+",IF(BC69>=45,"C",IF(BC69>=40,"D","F"))))))))) -> F
A70: 43 | BC70: =SUM(E70:K70) -> 0 | BD70: =IF(BC70>=80,"A+",IF(BC70>=75,"A",IF(BC70>=70,"A-",IF(BC70>=65,"B+",IF(BC70>=60,"B",IF(BC70>=55,"B-",IF(BC70>=50,"C+",IF(BC70>=45,"C",IF(BC70>=40,"D","F"))))))))) -> F
... A89: 62 | BC89: =SUM(E89:K89) -> 0 | BD89: =IF(BC89>=80,"A+",IF(BC89>=75,"A",IF(BC89>=70,"A-",IF(BC89>=65,"B+",IF(BC89>=60,"B",IF(BC89>=55,"B-",IF(BC89>=50,"C+",IF(BC89>=45,"C",IF(BC89>=40,"D","F"))))))))) -> F
A90: 63 | BC90: =SUM(E90:K90) -> 0 | BD90: A-
A91: 64 | BC91: =SUM(E91:K91) -> 0
A92: 65 | BC92: =SUM(E92:K92) -> 0
A93: 66 | BC93: =SUM(E93:K93) -> 0
A94: 67 | BC94: =SUM(E94:K94) -> 0
A95: 68 | BC95: =SUM(E95:K95) -> 0
A96: 69 | BC96: =SUM(E96:K96) -> 0
A97: 70 | BC97: =SUM(E97:K97) -> 0
A98: 71 | BC98: =SUM(E98:K98) -> 0
A99: 72 | BC99: =SUM(E99:K99) -> 0
A100: 73 | BC100: =SUM(E100:K100) -> 0
A101: 74 | BC101: =SUM(E101:K101) -> 0
A102: 75 | BC102: =SUM(E102:K102) -> 0
... A327: 300 | BC327: =SUM(E327:K327) -> 0

Sheet COs-POs
A1: Calculations of COs & POs
A2: (Please only enter information in the yellow cells)
I4: Draft Calculation
B5: No. of Students | C5: =COUNTA(Marks!B28:B327) -> 31 | I5: std1 | J5: co1
J6: =((Marks!E28/IF(Marks!$E$23=0,0.00000001,Marks!$E$23))) -> 0.3 | K6: ((Marks!E27/IF(Marks!$E$22=0,0.00000001,Marks!$E$22)))
B7: Target Pass Marks | C7: 40 | J7: =(Marks!$E$6/Marks!$BC$6) -> 0.071428571 | K7: (Marks!$E$6/Marks!$BC$6)
J8: =((Marks!F28/IF(Marks!$F$23=0,0.00000001,Marks!$F$23)))*(Marks!$F$6/Marks!$BC$6)+((Marks!G28/IF(Marks!$G$23=0,0.00000001,Marks!$G$23)))*(Marks!$G$6/Marks!$BC$6)+((Marks!H28/IF(Marks!$H$23=0,0.00000001,Marks!$H$23)))*(Marks!$H$6/Marks!$BC$6) -> 0.05 | K8: ((Marks!F27/IF(Marks!$F$22=0,0.00000001,Marks!$F$22)))*(Marks!$F$6/Marks!$BC$6)+ ((Marks!G27/IF(Marks!$G$22=0,0.00000001,Marks!$G$22)))*(Marks!$G$6/Marks!$BC$6))
B9: Key Performance Indicator (KPI) | J9: =IF(Marks!$BC$6=0,0,(1))*100 -> 100
B10: KPI for COs | C10: 50
B11: KPI for POs | C11: 50
C14: CO1 | D14: CO2 | E14: CO3 | F14: CO4 | G14: CO5 | H14: CO6 | I14: CO7 | J14: CO8 | K14: CO9 | L14: CO10 | M14: CO11 | N14: CO12 | P14: PO1 | Q14: PO2 | R14: PO3 | S14: PO4 | T14: PO5 | U14: PO6 | V14: PO7 | W14: PO8 | X14: PO9 | Y14: PO10 | Z14: PO11 | AA14: PO12
B15: % considering Target Pass Marks | C15: =(COUNTIF(C19:C318,">"&$C$7)/$C$5)*100 -> 90.322581 | D15: =(COUNTIF(D19:D318,">"&$C$7)/$C$5)*100 -> 90.322581 | E15: =(COUNTIF(E19:E318,">"&$C$7)/$C$5)*100 -> 96.774194 | F15: =(COUNTIF(F19:F318,">"&$C$7)/$C$5)*100 -> 96.774194 | G15: =(COUNTIF(G19:G318,">"&$C$7)/$C$5)*100 -> 0 | H15: =(COUNTIF(H19:H318,">"&$C$7)/$C$5)*100 -> 0 | I15: =(COUNTIF(I19:I318,">"&$C$7)/$C$5)*100 -> 0 | J15: =(COUNTIF(J19:J318,">"&$C$7)/$C$5)*100 -> 0 | ... N15: =(COUNTIF(N19:N318,">"&$C$7)/$C$5)*100 -> 0 | P15: =(COUNTIF(P19:P318,">"&$C$7)/$C$5)*100 -> 90.322581 | Q15: =(COUNTIF(Q19:Q318,">"&$C$7)/$C$5)*100 -> 96.774194 | R15: =(COUNTIF(R19:R318,">"&$C$7)/$C$5)*100 -> 0 | S15: =(COUNTIF(S19:S318,">"&$C$7)/$C$5)*100 -> 0 | T15: =(COUNTIF(T19:T318,">"&$C$7)/$C$5)*100 -> 0 | U15: =(COUNTIF(U19:U318,">"&$C$7)/$C$5)*100 -> 0 | V15: =(COUNTIF(V19:V318,">"&$C$7)/$C$5)*100 -> 0 | W15: =(COUNTIF(W19:W318,">"&$C$7)/$C$5)*100 -> 0 | ... AA15: =(COUNTIF(AA19:AA318,">"&$C$7)/$C$5)*100 -> 0
B16: % considering KPI for CO | C16: =(COUNTIF(C19:C318,">"&$C$10)/$C$5)*100 -> 80.645161 | D16: =(COUNTIF(D19:D318,">"&$C$10)/$C$5)*100 -> 77.419355 | E16: =(COUNTIF(E19:E318,">"&$C$10)/$C$5)*100 -> 96.774194 | F16: =(COUNTIF(F19:F318,">"&$C$10)/$C$5)*100 -> 93.548387 | G16: =(COUNTIF(G19:G318,">"&$C$10)/$C$5)*100 -> 0 | H16: =(COUNTIF(H19:H318,">"&$C$10)/$C$5)*100 -> 0 | I16: =(COUNTIF(I19:I318,">"&$C$10)/$C$5)*100 -> 0 | J16: =(COUNTIF(J19:J318,">"&$C$10)/$C$5)*100 -> 0 | ... N16: =(COUNTIF(N19:N318,">"&$C$10)/$C$5)*100 -> 0 | P16: =(COUNTIF(P19:P318,">"&$C$11)/$C$5)*100 -> 80.645161 | Q16: =(COUNTIF(Q19:Q318,">"&$C$11)/$C$5)*100 -> 93.548387 | R16: =(COUNTIF(R19:R318,">"&$C$11)/$C$5)*100 -> 0 | S16: =(COUNTIF(S19:S318,">"&$C$11)/$C$5)*100 -> 0 | T16: =(COUNTIF(T19:T318,">"&$C$11)/$C$5)*100 -> 0 | U16: =(COUNTIF(U19:U318,">"&$C$11)/$C$5)*100 -> 0 | V16: =(COUNTIF(V19:V318,">"&$C$11)/$C$5)*100 -> 0 | W16: =(COUNTIF(W19:W318,">"&$C$11)/$C$5)*100 -> 0 | ... AA16: =(COUNTIF(AA19:AA318,">"&$C$11)/$C$5)*100 -> 0
B18: Student ID
A19: 1 | B19: =Marks!B28 -> 1119002 | C19: =IF(Marks!$BC$6=0,0,(((Marks!E28/IF(Marks!$E$23=0,0.00000001,Marks!$E$23)))*(Marks!$E$6/Marks!$BC$6)+((Marks!F28/IF(Marks!$F$23=0,0.00000001,Marks!$F$23)))*(Marks!$F$6/Marks!$BC$6)+((Marks!G28/IF(Marks!$G$23=0,0.00000001,Marks!$G$23)))*(Marks!$G$6/Marks!$BC$6)+((Marks!H28/IF(Marks!$H$23=0,0.00000001,Marks!$H$23)))*(Marks!$H$6/Marks!$BC$6)+((Marks!I28/IF(Marks!$I$23=0,0.00000001,Marks!$I$23)))*(Marks!$I$6/Marks!$BC$6)+((Marks!J28/IF(Marks!$J$23=0,0.00000001,Marks!$J$23)))*(Marks!$J$6/Marks!$BC$6)+((Marks!K28/IF(Marks!$K$23=0,0.00000001,Marks!$K$23)))*(Marks!$K$6/Marks!$BC$6)+((Marks!L28/IF(Marks!$L$23=0,0.00000001,Marks!$L$23)))*(Marks!$L$6/Marks!$BC$6)+((Marks!M28/IF(Marks!$M$23=0,0.00000001,Marks!$M$23)))*(Marks!$M$6/Marks!$BC$6)+((Marks!N28/IF(Marks!$N$23=0,0.00000001,Marks!$N$23)))*(Marks!$N$6/Marks!$BC$6)+((Marks!O28/IF(Marks!$O$23=0,0.00000001,Marks!$O$23)))*(Marks!$O$6/Marks!$BC$6)+((Marks!P28/IF(Marks!$P$23=0,0.0000001,Marks!$P$23)))*(Marks!$P$6/Marks!$BC$6)+((Marks!Q28/IF(Marks!$Q$23=0,0.0000001,Marks!$Q$23)))*(Marks!$Q$6/Marks!$BC$6)+((Marks!R28/IF(Marks!$R$23=0,0.00000001,Marks!$R$23)))*(Marks!$R$6/Marks!$BC$6)+((Marks!S28/IF(Marks!$S$23=0,0.00000001,Marks!$S$23)))*(Marks!$S$6/Marks!$BC$6)+((Marks!T28/IF(Marks!$T$23=0,0.00000001,Marks!$T$23)))*(Marks!$T$6/Marks!$BC$6)+((Marks!U28/IF(Marks!$U$23=0,0.00000001,Marks!$U$23)))*(Marks!$U$6/Marks!$BC$6)+((Marks!V28/IF(Marks!$V$23=0,0.00000001,Marks!$V$23)))*(Marks!$V$6/Marks!$BC$6)+((Marks!W28/IF(Marks!$W$23=0,0.00000001,Marks!$W$23)))*(Marks!$W$6/Marks!$BC$6)+((Marks!X28/IF(Marks!$X$23=0,0.00000001,Marks!$X$23)))*(Marks!$X$6/Marks!$BC$6)+((Marks!Y28/IF(Marks!$Y$23=0,0.00000001,Marks!$Y$23)))*(Marks!$Y$6/Marks!$BC$6)+((Marks!Z28/IF(Marks!$Z$23=0,0.00000001,Marks!$Z$23)))*(Marks!$Z$6/Marks!$BC$6)+((Marks!AA28/IF(Marks!$AA$23=0,0.00000001,Marks!$AA$23)))*(Marks!$AA$6/Marks!$BC$6)+((Marks!AB28/IF(Marks!$AB$23=0,0.00000001,Marks!$AB$23)))*(Marks!$AB$6/Marks!$BC$6)+((Marks!AC28/IF(Marks!$AC$23=0,0.00000001,Marks!$AC$23)))*(Marks!$AC$6/Marks!$BC$6)+((Marks!AD28/IF(Marks!$AD$23=0,0.00000001,Marks!$AD$23)))*(Marks!$AD$6/Marks!$BC$6)+((Marks!AE28/IF(Marks!$AE$23=0,0.00000001,Marks!$AE$23)))*(Marks!$AE$6/Marks!$BC$6)+((Marks!AF28/IF(Marks!$AF$23=0,0.00000001,Marks!$AF$23)))*(Marks!$AF$6/Marks!$BC$6)+((Marks!AG28/IF(Marks!$AG$23=0,0.00000001,Marks!$AG$23)))*(Marks!$AG$6/Marks!$BC$6)+((Marks!AH28/IF(Marks!$AH$23=0,0.00000001,Marks!$AH$23)))*(Marks!$AH$6/Marks!$BC$6)+((Marks!AI28/IF(Marks!$AI$23=0,0.00000001,Marks!$AI$23)))*(Marks!$AI$6/Marks!$BC$6)+((Marks!AJ28/IF(Marks!$AJ$23=0,0.00000001,Marks!$AJ$23)))*(Marks!$AJ$6/Marks!$BC$6)+((Marks!AK28/IF(Marks!$AK$23=0,0.00000001,Marks!$AK$23)))*(Marks!$AK$6/Marks!$BC$6)+((Marks!AL28/IF(Marks!$AL$23=0,0.00000001,Marks!$AL$23)))*(Marks!$AL$6/Marks!$BC$6)+((Marks!AM28/IF(Marks!$AM$23=0,0.00000001,Marks!$AM$23)))*(Marks!$AM$6/Marks!$BC$6)+((Marks!AN28/IF(Marks!$AN$23=0,0.00000001,Marks!$AN$23)))*(Marks!$AN$6/Marks!$BC$6)+((Marks!AO28/IF(Marks!$AO$23=0,0.00000001,Marks!$AO$23)))*(Marks!$AO$6/Marks!$BC$6)+((Marks!AP28/IF(Marks!$AP$23=0,0.00000001,Marks!$AP$23)))*(Marks!$AP$6/Marks!$BC$6)+((Marks!AQ28/IF(Marks!$AQ$23=0,0.00000001,Marks!$AQ$23)))*(Marks!$AQ$6/Marks!$BC$6)+((Marks!AR28/IF(Marks!$AR$23=0,0.00000001,Marks!$AR$23)))*(Marks!$AR$6/Marks!$BC$6)+((Marks!AS28/IF(Marks!$AS$23=0,0.00000001,Marks!$AS$23)))*(Marks!$AS$6/Marks!$BC$6)+((Marks!AT28/IF(Marks!$AT$23=0,0.00000001,Marks!$AT$23)))*(Marks!$AT$6/Marks!$BC$6)+((Marks!AU28/IF(Marks!$AU$23=0,0.00000001,Marks!$AU$23)))*(Marks!$AU$6/Marks!$BC$6)+((Marks!AV28/IF(Marks!$AV$23=0,0.00000001,Marks!$AV$23)))*(Marks!$AV$6/Marks!$BC$6)+((Marks!AW28/IF(Marks!$AW$23=0,0.00000001,Marks!$AW$23)))*(Marks!$AW$6/Marks!$BC$6)+((Marks!AX28/IF(Marks!$AX$23=0,0.00000001,Marks!$AX$23)))*(Marks!$AX$6/Marks!$BC$6)+((Marks!AY28/IF(Marks!$AY$23=0,0.00000001,Marks!$AY$23)))*(Marks!$AY$6/Marks!$BC$6)+((Marks!AZ28/IF(Marks!$AZ$23=0,0.00000001,Marks!$AZ$23)))*(Marks!$AZ$6/Marks!$BC$6)+((Marks!BA28/IF(Marks!$BA$23=0,0.00000001,Marks!$BA$23)))*(Marks!$BA$6/Marks!$BC$6)+((Marks!BB28/IF(Marks!$BB$23=0,0.00000001,Marks!$BB$23)))*(Marks!$BB$6/Marks!$BC$6))*100) -> 78.571429 | D19: =IF(Marks!$BC$7=0,0,(((Marks!E28/IF(Marks!$E$23=0,0.00000001,Marks!$E$23)))*(Marks!$E$7/Marks!$BC$7)+((Marks!F28/IF(Marks!$F$23=0,0.00000001,Marks!$F$23)))*(Marks!$F$7/Marks!$BC$7)+((Marks!G28/IF(Marks!$G$23=0,0.00000001,Marks!$G$23)))*(Marks!$G$7/Marks!$BC$7)+((Marks!H28/IF(Marks!$H$23=0,0.00000001,Marks!$H$23)))*(Marks!$H$7/Marks!$BC$7)+((Marks!I28/IF(Marks!$I$23=0,0.00000001,Marks!$I$23)))*(Marks!$I$7/Marks!$BC$7)+((Marks!J28/IF(Marks!$J$23=0,0.00000001,Marks!$J$23)))*(Marks!$J$7/Marks!$BC$7)+((Marks!K28/IF(Marks!$K$23=0,0.00000001,Marks!$K$23)))*(Marks!$K$7/Marks!$BC$7)+((Marks!L28/IF(Marks!$L$23=0,0.00000001,Marks!$L$23)))*(Marks!$L$7/Marks!$BC$7)+((Marks!M28/IF(Marks!$M$23=0,0.00000001,Marks!$M$23)))*(Marks!$M$7/Marks!$BC$7)+((Marks!N28/IF(Marks!$N$23=0,0.00000001,Marks!$N$23)))*(Marks!$N$7/Marks!$BC$7)+((Marks!O28/IF(Marks!$O$23=0,0.00000001,Marks!$O$23)))*(Marks!$O$7/Marks!$BC$7)+((Marks!P28/IF(Marks!$P$23=0,0.0000001,Marks!$P$23)))*(Marks!$P$7/Marks!$BC$7)+((Marks!Q28/IF(Marks!$Q$23=0,0.0000001,Marks!$Q$23)))*(Marks!$Q$7/Marks!$BC$7)+((Marks!R28/IF(Marks!$R$23=0,0.00000001,Marks!$R$23)))*(Marks!$R$7/Marks!$BC$7)+((Marks!S28/IF(Marks!$S$23=0,0.00000001,Marks!$S$23)))*(Marks!$S$7/Marks!$BC$7)+((Marks!T28/IF(Marks!$T$23=0,0.00000001,Marks!$T$23)))*(Marks!$T$7/Marks!$BC$7)+((Marks!U28/IF(Marks!$U$23=0,0.00000001,Marks!$U$23)))*(Marks!$U$7/Marks!$BC$7)+((Marks!V28/IF(Marks!$V$23=0,0.00000001,Marks!$V$23)))*(Marks!$V$7/Marks!$BC$7)+((Marks!W28/IF(Marks!$W$23=0,0.00000001,Marks!$W$23)))*(Marks!$W$7/Marks!$BC$7)+((Marks!X28/IF(Marks!$X$23=0,0.00000001,Marks!$X$23)))*(Marks!$X$7/Marks!$BC$7)+((Marks!Y28/IF(Marks!$Y$23=0,0.00000001,Marks!$Y$23)))*(Marks!$Y$7/Marks!$BC$7)+((Marks!Z28/IF(Marks!$Z$23=0,0.00000001,Marks!$Z$23)))*(Marks!$Z$7/Marks!$BC$7)+((Marks!AA28/IF(Marks!$AA$23=0,0.00000001,Marks!$AA$23)))*(Marks!$AA$7/Marks!$BC$7)+((Marks!AB28/IF(Marks!$AB$23=0,0.00000001,Marks!$AB$23)))*(Marks!$AB$7/Marks!$BC$7)+((Marks!AC28/IF(Marks!$AC$23=0,0.00000001,Marks!$AC$23)))*(Marks!$AC$7/Marks!$BC$7)+((Marks!AD28/IF(Marks!$AD$23=0,0.00000001,Marks!$AD$23)))*(Marks!$AD$7/Marks!$BC$7)+((Marks!AE28/IF(Marks!$AE$23=0,0.00000001,Marks!$AE$23)))*(Marks!$AE$7/Marks!$BC$7)+((Marks!AF28/IF(Marks!$AF$23=0,0.00000001,Marks!$AF$23)))*(Marks!$AF$7/Marks!$BC$7)+((Marks!AG28/IF(Marks!$AG$23=0,0.00000001,Marks!$AG$23)))*(Marks!$AG$7/Marks!$BC$7)+((Marks!AH28/IF(Marks!$AH$23=0,0.00000001,Marks!$AH$23)))*(Marks!$AH$7/Marks!$BC$7)+((Marks!AI28/IF(Marks!$AI$23=0,0.00000001,Marks!$AI$23)))*(Marks!$AI$7/Marks!$BC$7)+((Marks!AJ28/IF(Marks!$AJ$23=0,0.00000001,Marks!$AJ$23)))*(Marks!$AJ$7/Marks!$BC$7)+((Marks!AK28/IF(Marks!$AK$23=0,0.00000001,Marks!$AK$23)))*(Marks!$AK$7/Marks!$BC$7)+((Marks!AL28/IF(Marks!$AL$23=0,0.00000001,Marks!$AL$23)))*(Marks!$AL$7/Marks!$BC$7)+((Marks!AM28/IF(Marks!$AM$23=0,0.00000001,Marks!$AM$23)))*(Marks!$AM$7/Marks!$BC$7)+((Marks!AN28/IF(Marks!$AN$23=0,0.00000001,Marks!$AN$23)))*(Marks!$AN$7/Marks!$BC$7)+((Marks!AO28/IF(Marks!$AO$23=0,0.00000001,Marks!$AO$23)))*(Marks!$AO$7/Marks!$BC$7)+((Marks!AP28/IF(Marks!$AP$23=0,0.00000001,Marks!$AP$23)))*(Marks!$AP$7/Marks!$BC$7)+((Marks!AQ28/IF(Marks!$AQ$23=0,0.00000001,Marks!$AQ$23)))*(Marks!$AQ$7/Marks!$BC$7)+((Marks!AR28/IF(Marks!$AR$23=0,0.00000001,Marks!$AR$23)))*(Marks!$AR$7/Marks!$BC$7)+((Marks!AS28/IF(Marks!$AS$23=0,0.00000001,Marks!$AS$23)))*(Marks!$AS$7/Marks!$BC$7)+((Marks!AT28/IF(Marks!$AT$23=0,0.00000001,Marks!$AT$23)))*(Marks!$AT$7/Marks!$BC$7)+((Marks!AU28/IF(Marks!$AU$23=0,0.00000001,Marks!$AU$23)))*(Marks!$AU$7/Marks!$BC$7)+((Marks!AV28/IF(Marks!$AV$23=0,0.00000001,Marks!$AV$23)))*(Marks!$AV$7/Marks!$BC$7)+((Marks!AW28/IF(Marks!$AW$23=0,0.00000001,Marks!$AW$23)))*(Marks!$AW$7/Marks!$BC$7)+((Marks!AX28/IF(Marks!$AX$23=0,0.00000001,Marks!$AX$23)))*(Marks!$AX$7/Marks!$BC$7)+((Marks!AY28/IF(Marks!$AY$23=0,0.00000001,Marks!$AY$23)))*(Marks!$AY$7/Marks!$BC$7)+((Marks!AZ28/IF(Marks!$AZ$23=0,0.00000001,Marks!$AZ$23)))*(Marks!$AZ$7/Marks!$BC$7)+((Marks!BA28/IF(Marks!$BA$23=0,0.00000001,Marks!$BA$23)))*(Marks!$BA$7/Marks!$BC$7)+((Marks!BB28/IF(Marks!$BB$23=0,0.00000001,Marks!$BB$23)))*(Marks!$BB$7/Marks!$BC$7))*100) -> 58 | E19: =IF(Marks!$BC$8=0,0,(((Marks!E28/IF(Marks!$E$23=0,0.00000001,Marks!$E$23)))*(Marks!$E$8/Marks!$BC$8)+((Marks!F28/IF(Marks!$F$23=0,0.00000001,Marks!$F$23)))*(Marks!$F$8/Marks!$BC$8)+((Marks!G28/IF(Marks!$G$23=0,0.00000001,Marks!$G$23)))*(Marks!$G$8/Marks!$BC$8)+((Marks!H28/IF(Marks!$H$23=0,0.00000001,Marks!$H$23)))*(Marks!$H$8/Marks!$BC$8)+((Marks!I28/IF(Marks!$I$23=0,0.00000001,Marks!$I$23)))*(Marks!$I$8/Marks!$BC$8)+((Marks!J28/IF(Marks!$J$23=0,0.00000001,Marks!$J$23)))*(Marks!$J$8/Marks!$BC$8)+((Marks!K28/IF(Marks!$K$23=0,0.00000001,Marks!$K$23)))*(Marks!$K$8/Marks!$BC$8)+((Marks!L28/IF(Marks!$L$23=0,0.00000001,Marks!$L$23)))*(Marks!$L$8/Marks!$BC$8)+((Marks!M28/IF(Marks!$M$23=0,0.00000001,Marks!$M$23)))*(Marks!$M$8/Marks!$BC$8)+((Marks!N28/IF(Marks!$N$23=0,0.00000001,Marks!$N$23)))*(Marks!$N$8/Marks!$BC$8)+((Marks!O28/IF(Marks!$O$23=0,0.00000001,Marks!$O$23)))*(Marks!$O$8/Marks!$BC$8)+((Marks!P28/IF(Marks!$P$23=0,0.0000001,Marks!$P$23)))*(Marks!$P$8/Marks!$BC$8)+((Marks!Q28/IF(Marks!$Q$23=0,0.0000001,Marks!$Q$23)))*(Marks!$Q$8/Marks!$BC$8)+((Marks!R28/IF(Marks!$R$23=0,0.00000001,Marks!$R$23)))*(Marks!$R$8/Marks!$BC$8)+((Marks!S28/IF(Marks!$S$23=0,0.00000001,Marks!$S$23)))*(Marks!$S$8/Marks!$BC$8)+((Marks!T28/IF(Marks!$T$23=0,0.00000001,Marks!$T$23)))*(Marks!$T$8/Marks!$BC$8)+((Marks!U28/IF(Marks!$U$23=0,0.00000001,Marks!$U$23)))*(Marks!$U$8/Marks!$BC$8)+((Marks!V28/IF(Marks!$V$23=0,0.00000001,Marks!$V$23)))*(Marks!$V$8/Marks!$BC$8)+((Marks!W28/IF(Marks!$W$23=0,0.00000001,Marks!$W$23)))*(Marks!$W$8/Marks!$BC$8)+((Marks!X28/IF(Marks!$X$23=0,0.00000001,Marks!$X$23)))*(Marks!$X$8/Marks!$BC$8)+((Marks!Y28/IF(Marks!$Y$23=0,0.00000001,Marks!$Y$23)))*(Marks!$Y$8/Marks!$BC$8)+((Marks!Z28/IF(Marks!$Z$23=0,0.00000001,Marks!$Z$23)))*(Marks!$Z$8/Marks!$BC$8)+((Marks!AA28/IF(Marks!$AA$23=0,0.00000001,Marks!$AA$23)))*(Marks!$AA$8/Marks!$BC$8)+((Marks!AB28/IF(Marks!$AB$23=0,0.00000001,Marks!$AB$23)))*(Marks!$AB$8/Marks!$BC$8)+((Marks!AC28/IF(Marks!$AC$23=0,0.00000001,Marks!$AC$23)))*(Marks!$AC$8/Marks!$BC$8)+((Marks!AD28/IF(Marks!$AD$23=0,0.00000001,Marks!$AD$23)))*(Marks!$AD$8/Marks!$BC$8)+((Marks!AE28/IF(Marks!$AE$23=0,0.00000001,Marks!$AE$23)))*(Marks!$AE$8/Marks!$BC$8)+((Marks!AF28/IF(Marks!$AF$23=0,0.00000001,Marks!$AF$23)))*(Marks!$AF$8/Marks!$BC$8)+((Marks!AG28/IF(Marks!$AG$23=0,0.00000001,Marks!$AG$23)))*(Marks!$AG$8/Marks!$BC$8)+((Marks!AH28/IF(Marks!$AH$23=0,0.00000001,Marks!$AH$23)))*(Marks!$AH$8/Marks!$BC$8)+((Marks!AI28/IF(Marks!$AI$23=0,0.00000001,Marks!$AI$23)))*(Marks!$AI$8/Marks!$BC$8)+((Marks!AJ28/IF(Marks!$AJ$23=0,0.00000001,Marks!$AJ$23)))*(Marks!$AJ$8/Marks!$BC$8)+((Marks!AK28/IF(Marks!$AK$23=0,0.00000001,Marks!$AK$23)))*(Marks!$AK$8/Marks!$BC$8)+((Marks!AL28/IF(Marks!$AL$23=0,0.00000001,Marks!$AL$23)))*(Marks!$AL$8/Marks!$BC$8)+((Marks!AM28/IF(Marks!$AM$23=0,0.00000001,Marks!$AM$23)))*(Marks!$AM$8/Marks!$BC$8)+((Marks!AN28/IF(Marks!$AN$23=0,0.00000001,Marks!$AN$23)))*(Marks!$AN$8/Marks!$BC$8)+((Marks!AO28/IF(Marks!$AO$23=0,0.00000001,Marks!$AO$23)))*(Marks!$AO$8/Marks!$BC$8)+((Marks!AP28/IF(Marks!$AP$23=0,0.00000001,Marks!$AP$23)))*(Marks!$AP$8/Marks!$BC$8)+((Marks!AQ28/IF(Marks!$AQ$23=0,0.00000001,Marks!$AQ$23)))*(Marks!$AQ$8/Marks!$BC$8)+((Marks!AR28/IF(Marks!$AR$23=0,0.00000001,Marks!$AR$23)))*(Marks!$AR$8/Marks!$BC$8)+((Marks!AS28/IF(Marks!$AS$23=0,0.00000001,Marks!$AS$23)))*(Marks!$AS$8/Marks!$BC$8)+((Marks!AT28/IF(Marks!$AT$23=0,0.00000001,Marks!$AT$23)))*(Marks!$AT$8/Marks!$BC$8)+((Marks!AU28/IF(Marks!$AU$23=0,0.00000001,Marks!$AU$23)))*(Marks!$AU$8/Marks!$BC$8)+((Marks!AV28/IF(Marks!$AV$23=0,0.00000001,Marks!$AV$23)))*(Marks!$AV$8/Marks!$BC$8)+((Marks!AW28/IF(Marks!$AW$23=0,0.00000001,Marks!$AW$23)))*(Marks!$AW$8/Marks!$BC$8)+((Marks!AX28/IF(Marks!$AX$23=0,0.00000001,Marks!$AX$23)))*(Marks!$AX$8/Marks!$BC$8)+((Marks!AY28/IF(Marks!$AY$23=0,0.00000001,Marks!$AY$23)))*(Marks!$AY$8/Marks!$BC$8)+((Marks!AZ28/IF(Marks!$AZ$23=0,0.00000001,Marks!$AZ$23)))*(Marks!$AZ$8/Marks!$BC$8)+((Marks!BA28/IF(Marks!$BA$23=0,0.00000001,Marks!$BA$23)))*(Marks!$BA$8/Marks!$BC$8)+((Marks!BB28/IF(Marks!$BB$23=0,0.00000001,Marks!$BB$23)))*(Marks!$BB$8/Marks!$BC$8))*100) -> 70 | F19: =IF(Marks!$BC$9=0,0,(((Marks!E28/IF(Marks!$E$23=0,0.00000001,Marks!$E$23)))*(Marks!$E$9/Marks!$BC$9)+((Marks!F28/IF(Marks!$F$23=0,0.00000001,Marks!$F$23)))*(Marks!$F$9/Marks!$BC$9)+((Marks!G28/IF(Marks!$G$23=0,0.00000001,Marks!$G$23)))*(Marks!$G$9/Marks!$BC$9)+((Marks!H28/IF(Marks!$H$23=0,0.00000001,Marks!$H$23)))*(Marks!$H$9/Marks!$BC$9)+((Marks!I28/IF(Marks!$I$23=0,0.00000001,Marks!$I$23)))*(Marks!$I$9/Marks!$BC$9)+((Marks!J28/IF(Marks!$J$23=0,0.00000001,Marks!$J$23)))*(Marks!$J$9/Marks!$BC$9)+((Marks!K28/IF(Marks!$K$23=0,0.00000001,Marks!$K$23)))*(Marks!$K$9/Marks!$BC$9)+((Marks!L28/IF(Marks!$L$23=0,0.00000001,Marks!$L$23)))*(Marks!$L$9/Marks!$BC$9)+((Marks!M28/IF(Marks!$M$23=0,0.00000001,Marks!$M$23)))*(Marks!$M$9/Marks!$BC$9)+((Marks!N28/IF(Marks!$N$23=0,0.00000001,Marks!$N$23)))*(Marks!$N$9/Marks!$BC$9)+((Marks!O28/IF(Marks!$O$23=0,0.00000001,Marks!$O$23)))*(Marks!$O$9/Marks!$BC$9)+((Marks!P28/IF(Marks!$P$23=0,0.0000001,Marks!$P$23)))*(Marks!$P$9/Marks!$BC$9)+((Marks!Q28/IF(Marks!$Q$23=0,0.0000001,Marks!$Q$23)))*(Marks!$Q$9/Marks!$BC$9)+((Marks!R28/IF(Marks!$R$23=0,0.00000001,Marks!$R$23)))*(Marks!$R$9/Marks!$BC$9)+((Marks!S28/IF(Marks!$S$23=0,0.00000001,Marks!$S$23)))*(Marks!$S$9/Marks!$BC$9)+((Marks!T28/IF(Marks!$T$23=0,0.00000001,Marks!$T$23)))*(Marks!$T$9/Marks!$BC$9)+((Marks!U28/IF(Marks!$U$23=0,0.00000001,Marks!$U$23)))*(Marks!$U$9/Marks!$BC$9)+((Marks!V28/IF(Marks!$V$23=0,0.00000001,Marks!$V$23)))*(Marks!$V$9/Marks!$BC$9)+((Marks!W28/IF(Marks!$W$23=0,0.00000001,Marks!$W$23)))*(Marks!$W$9/Marks!$BC$9)+((Marks!X28/IF(Marks!$X$23=0,0.00000001,Marks!$X$23)))*(Marks!$X$9/Marks!$BC$9)+((Marks!Y28/IF(Marks!$Y$23=0,0.00000001,Marks!$Y$23)))*(Marks!$Y$9/Marks!$BC$9)+((Marks!Z28/IF(Marks!$Z$23=0,0.00000001,Marks!$Z$23)))*(Marks!$Z$9/Marks!$BC$9)+((Marks!AA28/IF(Marks!$AA$23=0,0.00000001,Marks!$AA$23)))*(Marks!$AA$9/Marks!$BC$9)+((Marks!AB28/IF(Marks!$AB$23=0,0.00000001,Marks!$AB$23)))*(Marks!$AB$9/Marks!$BC$9)+((Marks!AC28/IF(Marks!$AC$23=0,0.00000001,Marks!$AC$23)))*(Marks!$AC$9/Marks!$BC$9)+((Marks!AD28/IF(Marks!$AD$23=0,0.00000001,Marks!$AD$23)))*(Marks!$AD$9/Marks!$BC$9)+((Marks!AE28/IF(Marks!$AE$23=0,0.00000001,Marks!$AE$23)))*(Marks!$AE$9/Marks!$BC$9)+((Marks!AF28/IF(Marks!$AF$23=0,0.00000001,Marks!$AF$23)))*(Marks!$AF$9/Marks!$BC$9)+((Marks!AG28/IF(Marks!$AG$23=0,0.00000001,Marks!$AG$23)))*(Marks!$AG$9/Marks!$BC$9)+((Marks!AH28/IF(Marks!$AH$23=0,0.00000001,Marks!$AH$23)))*(Marks!$AH$9/Marks!$BC$9)+((Marks!AI28/IF(Marks!$AI$23=0,0.00000001,Marks!$AI$23)))*(Marks!$AI$9/Marks!$BC$9)+((Marks!AJ28/IF(Marks!$AJ$23=0,0.00000001,Marks!$AJ$23)))*(Marks!$AJ$9/Marks!$BC$9)+((Marks!AK28/IF(Marks!$AK$23=0,0.00000001,Marks!$AK$23)))*(Marks!$AK$9/Marks!$BC$9)+((Marks!AL28/IF(Marks!$AL$23=0,0.00000001,Marks!$AL$23)))*(Marks!$AL$9/Marks!$BC$9)+((Marks!AM28/IF(Marks!$AM$23=0,0.00000001,Marks!$AM$23)))*(Marks!$AM$9/Marks!$BC$9)+((Marks!AN28/IF(Marks!$AN$23=0,0.00000001,Marks!$AN$23)))*(Marks!$AN$9/Marks!$BC$9)+((Marks!AO28/IF(Marks!$AO$23=0,0.00000001,Marks!$AO$23)))*(Marks!$AO$9/Marks!$BC$9)+((Marks!AP28/IF(Marks!$AP$23=0,0.00000001,Marks!$AP$23)))*(Marks!$AP$9/Marks!$BC$9)+((Marks!AQ28/IF(Marks!$AQ$23=0,0.00000001,Marks!$AQ$23)))*(Marks!$AQ$9/Marks!$BC$9)+((Marks!AR28/IF(Marks!$AR$23=0,0.00000001,Marks!$AR$23)))*(Marks!$AR$9/Marks!$BC$9)+((Marks!AS28/IF(Marks!$AS$23=0,0.00000001,Marks!$AS$23)))*(Marks!$AS$9/Marks!$BC$9)+((Marks!AT28/IF(Marks!$AT$23=0,0.00000001,Marks!$AT$23)))*(Marks!$AT$9/Marks!$BC$9)+((Marks!AU28/IF(Marks!$AU$23=0,0.00000001,Marks!$AU$23)))*(Marks!$AU$9/Marks!$BC$9)+((Marks!AV28/IF(Marks!$AV$23=0,0.00000001,Marks!$AV$23)))*(Marks!$AV$9/Marks!$BC$9)+((Marks!AW28/IF(Marks!$AW$23=0,0.00000001,Marks!$AW$23)))*(Marks!$AW$9/Marks!$BC$9)+((Marks!AX28/IF(Marks!$AX$23=0,0.00000001,Marks!$AX$23)))*(Marks!$AX$9/Marks!$BC$9)+((Marks!AY28/IF(Marks!$AY$23=0,0.00000001,Marks!$AY$23)))*(Marks!$AY$9/Marks!$BC$9)+((Marks!AZ28/IF(Marks!$AZ$23=0,0.00000001,Marks!$AZ$23)))*(Marks!$AZ$9/Marks!$BC$9)+((Marks!BA28/IF(Marks!$BA$23=0,0.00000001,Marks!$BA$23)))*(Marks!$BA$9/Marks!$BC$9)+((Marks!BB28/IF(Marks!$BB$23=0,0.00000001,Marks!$BB$23)))*(Marks!$BB$9/Marks!$BC$9))*100) -> 91.666667 | G19: =IF(Marks!$BC$10=0,0,(((Marks!E28/IF(Marks!$E$23=0,0.00000001,Marks!$E$23)))*(Marks!$E$10/Marks!$BC$10)+((Marks!F28/IF(Marks!$F$23=0,0.00000001,Marks!$F$23)))*(Marks!$F$10/Marks!$BC$10)+((Marks!G28/IF(Marks!$G$23=0,0.00000001,Marks!$G$23)))*(Marks!$G$10/Marks!$BC$10)+((Marks!H28/IF(Marks!$H$23=0,0.00000001,Marks!$H$23)))*(Marks!$H$10/Marks!$BC$10)+((Marks!I28/IF(Marks!$I$23=0,0.00000001,Marks!$I$23)))*(Marks!$I$10/Marks!$BC$10)+((Marks!J28/IF(Marks!$J$23=0,0.00000001,Marks!$J$23)))*(Marks!$J$10/Marks!$BC$10)+((Marks!K28/IF(Marks!$K$23=0,0.00000001,Marks!$K$23)))*(Marks!$K$10/Marks!$BC$10)+((Marks!L28/IF(Marks!$L$23=0,0.00000001,Marks!$L$23)))*(Marks!$L$10/Marks!$BC$10)+((Marks!M28/IF(Marks!$M$23=0,0.00000001,Marks!$M$23)))*(Marks!$M$10/Marks!$BC$10)+((Marks!N28/IF(Marks!$N$23=0,0.00000001,Marks!$N$23)))*(Marks!$N$10/Marks!$BC$10)+((Marks!O28/IF(Marks!$O$23=0,0.00000001,Marks!$O$23)))*(Marks!$O$10/Marks!$BC$10)+((Marks!P28/IF(Marks!$P$23=0,0.0000001,Marks!$P$23)))*(Marks!$P$10/Marks!$BC$10)+((Marks!Q28/IF(Marks!$Q$23=0,0.0000001,Marks!$Q$23)))*(Marks!$Q$10/Marks!$BC$10)+((Marks!R28/IF(Marks!$R$23=0,0.00000001,Marks!$R$23)))*(Marks!$R$10/Marks!$BC$10)+((Marks!S28/IF(Marks!$S$23=0,0.00000001,Marks!$S$23)))*(Marks!$S$10/Marks!$BC$10)+((Marks!T28/IF(Marks!$T$23=0,0.00000001,Marks!$T$23)))*(Marks!$T$10/Marks!$BC$10)+((Marks!U28/IF(Marks!$U$23=0,0.00000001,Marks!$U$23)))*(Marks!$U$10/Marks!$BC$10)+((Marks!V28/IF(Marks!$V$23=0,0.00000001,Marks!$V$23)))*(Marks!$V$10/Marks!$BC$10)+((Marks!W28/IF(Marks!$W$23=0,0.00000001,Marks!$W$23)))*(Marks!$W$10/Marks!$BC$10)+((Marks!X28/IF(Marks!$X$23=0,0.00000001,Marks!$X$23)))*(Marks!$X$10/Marks!$BC$10)+((Marks!Y28/IF(Marks!$Y$23=0,0.00000001,Marks!$Y$23)))*(Marks!$Y$10/Marks!$BC$10)+((Marks!Z28/IF(Marks!$Z$23=0,0.00000001,Marks!$Z$23)))*(Marks!$Z$10/Marks!$BC$10)+((Marks!AA28/IF(Marks!$AA$23=0,0.00000001,Marks!$AA$23)))*(Marks!$AA$10/Marks!$BC$10)+((Marks!AB28/IF(Marks!$AB$23=0,0.00000001,Marks!$AB$23)))*(Marks!$AB$10/Marks!$BC$10)+((Marks!AC28/IF(Marks!$AC$23=0,0.00000001,Marks!$AC$23)))*(Marks!$AC$10/Marks!$BC$10)+((Marks!AD28/IF(Marks!$AD$23=0,0.00000001,Marks!$AD$23)))*(Marks!$AD$10/Marks!$BC$10)+((Marks!AE28/IF(Marks!$AE$23=0,0.00000001,Marks!$AE$23)))*(Marks!$AE$10/Marks!$BC$10)+((Marks!AF28/IF(Marks!$AF$23=0,0.00000001,Marks!$AF$23)))*(Marks!$AF$10/Marks!$BC$10)+((Marks!AG28/IF(Marks!$AG$23=0,0.00000001,Marks!$AG$23)))*(Marks!$AG$10/Marks!$BC$10)+((Marks!AH28/IF(Marks!$AH$23=0,0.00000001,Marks!$AH$23)))*(Marks!$AH$10/Marks!$BC$10)+((Marks!AI28/IF(Marks!$AI$23=0,0.00000001,Marks!$AI$23)))*(Marks!$AI$10/Marks!$BC$10)+((Marks!AJ28/IF(Marks!$AJ$23=0,0.00000001,Marks!$AJ$23)))*(Marks!$AJ$10/Marks!$BC$10)+((Marks!AK28/IF(Marks!$AK$23=0,0.00000001,Marks!$AK$23)))*(Marks!$AK$10/Marks!$BC$10)+((Marks!AL28/IF(Marks!$AL$23=0,0.00000001,Marks!$AL$23)))*(Marks!$AL$10/Marks!$BC$10)+((Marks!AM28/IF(Marks!$AM$23=0,0.00000001,Marks!$AM$23)))*(Marks!$AM$10/Marks!$BC$10)+((Marks!AN28/IF(Marks!$AN$23=0,0.00000001,Marks!$AN$23)))*(Marks!$AN$10/Marks!$BC$10)+((Marks!AO28/IF(Marks!$AO$23=0,0.00000001,Marks!$AO$23)))*(Marks!$AO$10/Marks!$BC$10)+((Marks!AP28/IF(Marks!$AP$23=0,0.00000001,Marks!$AP$23)))*(Marks!$AP$10/Marks!$BC$10)+((Marks!AQ28/IF(Marks!$AQ$23=0,0.00000001,Marks!$AQ$23)))*(Marks!$AQ$10/Marks!$BC$10)+((Marks!AR28/IF(Marks!$AR$23=0,0.00000001,Marks!$AR$23)))*(Marks!$AR$10/Marks!$BC$10)+((Marks!AS28/IF(Marks!$AS$23=0,0.00000001,Marks!$AS$23)))*(Marks!$AS$10/Marks!$BC$10)+((Marks!AT28/IF(Marks!$AT$23=0,0.00000001,Marks!$AT$23)))*(Marks!$AT$10/Marks!$BC$10)+((Marks!AU28/IF(Marks!$AU$23=0,0.00000001,Marks!$AU$23)))*(Marks!$AU$10/Marks!$BC$10)+((Marks!AV28/IF(Marks!$AV$23=0,0.00000001,Marks!$AV$23)))*(Marks!$AV$10/Marks!$BC$10)+((Marks!AW28/IF(Marks!$AW$23=0,0.00000001,Marks!$AW$23)))*(Marks!$AW$10/Marks!$BC$10)+((Marks!AX28/IF(Marks!$AX$23=0,0.00000001,Marks!$AX$23)))*(Marks!$AX$10/Marks!$BC$10)+((Marks!AY28/IF(Marks!$AY$23=0,0.00000001,Marks!$AY$23)))*(Marks!$AY$10/Marks!$BC$10)+((Marks!AZ28/IF(Marks!$AZ$23=0,0.00000001,Marks!$AZ$23)))*(Marks!$AZ$10/Marks!$BC$10)+((Marks!BA28/IF(Marks!$BA$23=0,0.00000001,Marks!$BA$23)))*(Marks!$BA$10/Marks!$BC$10)+((Marks!BB28/IF(Marks!$BB$23=0,0.00000001,Marks!$BB$23)))*(Marks!$BB$10/Marks!$BC$10))*100) -> 0 | H19: =IF(Marks!$BC$11=0,0,(((Marks!E28/IF(Marks!$E$23=0,0.00000001,Marks!$E$23)))*(Marks!$E$11/Marks!$BC$11)+((Marks!F28/IF(Marks!$F$23=0,0.00000001,Marks!$F$23)))*(Marks!$F$11/Marks!$BC$11)+((Marks!G28/IF(Marks!$G$23=0,0.00000001,Marks!$G$23)))*(Marks!$G$11/Marks!$BC$11)+((Marks!H28/IF(Marks!$H$23=0,0.00000001,Marks!$H$23)))*(Marks!$H$11/Marks!$BC$11)+((Marks!I28/IF(Marks!$I$23=0,0.00000001,Marks!$I$23)))*(Marks!$I$11/Marks!$BC$11)+((Marks!J28/IF(Marks!$J$23=0,0.00000001,Marks!$J$23)))*(Marks!$J$11/Marks!$BC$11)+((Marks!K28/IF(Marks!$K$23=0,0.00000001,Marks!$K$23)))*(Marks!$K$11/Marks!$BC$11)+((Marks!L28/IF(Marks!$L$23=0,0.00000001,Marks!$L$23)))*(Marks!$L$11/Marks!$BC$11)+((Marks!M28/IF(Marks!$M$23=0,0.00000001,Marks!$M$23)))*(Marks!$M$11/Marks!$BC$11)+((Marks!N28/IF(Marks!$N$23=0,0.00000001,Marks!$N$23)))*(Marks!$N$11/Marks!$BC$11)+((Marks!O28/IF(Marks!$O$23=0,0.00000001,Marks!$O$23)))*(Marks!$O$11/Marks!$BC$11)+((Marks!P28/IF(Marks!$P$23=0,0.0000001,Marks!$P$23)))*(Marks!$P$11/Marks!$BC$11)+((Marks!Q28/IF(Marks!$Q$23=0,0.0000001,Marks!$Q$23)))*(Marks!$Q$11/Marks!$BC$11)+((Marks!R28/IF(Marks!$R$23=0,0.00000001,Marks!$R$23)))*(Marks!$R$11/Marks!$BC$11)+((Marks!S28/IF(Marks!$S$23=0,0.00000001,Marks!$S$23)))*(Marks!$S$11/Marks!$BC$11)+((Marks!T28/IF(Marks!$T$23=0,0.00000001,Marks!$T$23)))*(Marks!$T$11/Marks!$BC$11)+((Marks!U28/IF(Marks!$U$23=0,0.00000001,Marks!$U$23)))*(Marks!$U$11/Marks!$BC$11)+((Marks!V28/IF(Marks!$V$23=0,0.00000001,Marks!$V$23)))*(Marks!$V$11/Marks!$BC$11)+((Marks!W28/IF(Marks!$W$23=0,0.00000001,Marks!$W$23)))*(Marks!$W$11/Marks!$BC$11)+((Marks!X28/IF(Marks!$X$23=0,0.00000001,Marks!$X$23)))*(Marks!$X$11/Marks!$BC$11)+((Marks!Y28/IF(Marks!$Y$23=0,0.00000001,Marks!$Y$23)))*(Marks!$Y$11/Marks!$BC$11)+((Marks!Z28/IF(Marks!$Z$23=0,0.00000001,Marks!$Z$23)))*(Marks!$Z$11/Marks!$BC$11)+((Marks!AA28/IF(Marks!$AA$23=0,0.00000001,Marks!$AA$23)))*(Marks!$AA$11/Marks!$BC$11)+((Marks!AB28/IF(Marks!$AB$23=0,0.00000001,Marks!$AB$23)))*(Marks!$AB$11/Marks!$BC$11)+((Marks!AC28/IF(Marks!$AC$23=0,0.00000001,Marks!$AC$23)))*(Marks!$AC$11/Marks!$BC$11)+((Marks!AD28/IF(Marks!$AD$23=0,0.00000001,Marks!$AD$23)))*(Marks!$AD$11/Marks!$BC$11)+((Marks!AE28/IF(Marks!$AE$23=0,0.00000001,Marks!$AE$23)))*(Marks!$AE$11/Marks!$BC$11)+((Marks!AF28/IF(Marks!$AF$23=0,0.00000001,Marks!$AF$23)))*(Marks!$AF$11/Marks!$BC$11)+((Marks!AG28/IF(Marks!$AG$23=0,0.00000001,Marks!$AG$23)))*(Marks!$AG$11/Marks!$BC$11)+((Marks!AH28/IF(Marks!$AH$23=0,0.00000001,Marks!$AH$23)))*(Marks!$AH$11/Marks!$BC$11)+((Marks!AI28/IF(Marks!$AI$23=0,0.00000001,Marks!$AI$23)))*(Marks!$AI$11/Marks!$BC$11)+((Marks!AJ28/IF(Marks!$AJ$23=0,0.00000001,Marks!$AJ$23)))*(Marks!$AJ$11/Marks!$BC$11)+((Marks!AK28/IF(Marks!$AK$23=0,0.00000001,Marks!$AK$23)))*(Marks!$AK$11/Marks!$BC$11)+((Marks!AL28/IF(Marks!$AL$23=0,0.00000001,Marks!$AL$23)))*(Marks!$AL$11/Marks!$BC$11)+((Marks!AM28/IF(Marks!$AM$23=0,0.00000001,Marks!$AM$23)))*(Marks!$AM$11/Marks!$BC$11)+((Marks!AN28/IF(Marks!$AN$23=0,0.00000001,Marks!$AN$23)))*(Marks!$AN$11/Marks!$BC$11)+((Marks!AO28/IF(Marks!$AO$23=0,0.00000001,Marks!$AO$23)))*(Marks!$AO$11/Marks!$BC$11)+((Marks!AP28/IF(Marks!$AP$23=0,0.00000001,Marks!$AP$23)))*(Marks!$AP$11/Marks!$BC$11)+((Marks!AQ28/IF(Marks!$AQ$23=0,0.00000001,Marks!$AQ$23)))*(Marks!$AQ$11/Marks!$BC$11)+((Marks!AR28/IF(Marks!$AR$23=0,0.00000001,Marks!$AR$23)))*(Marks!$AR$11/Marks!$BC$11)+((Marks!AS28/IF(Marks!$AS$23=0,0.00000001,Marks!$AS$23)))*(Marks!$AS$11/Marks!$BC$11)+((Marks!AT28/IF(Marks!$AT$23=0,0.00000001,Marks!$AT$23)))*(Marks!$AT$11/Marks!$BC$11)+((Marks!AU28/IF(Marks!$AU$23=0,0.00000001,Marks!$AU$23)))*(Marks!$AU$11/Marks!$BC$11)+((Marks!AV28/IF(Marks!$AV$23=0,0.00000001,Marks!$AV$23)))*(Marks!$AV$11/Marks!$BC$11)+((Marks!AW28/IF(Marks!$AW$23=0,0.00000001,Marks!$AW$23)))*(Marks!$AW$11/Marks!$BC$11)+((Marks!AX28/IF(Marks!$AX$23=0,0.00000001,Marks!$AX$23)))*(Marks!$AX$11/Marks!$BC$11)+((Marks!AY28/IF(Marks!$AY$23=0,0.00000001,Marks!$AY$23)))*(Marks!$AY$11/Marks!$BC$11)+((Marks!AZ28/IF(Marks!$AZ$23=0,0.00000001,Marks!$AZ$23)))*(Marks!$AZ$11/Marks!$BC$11)+((Marks!BA28/IF(Marks!$BA$23=0,0.00000001,Marks!$BA$23)))*(Marks!$BA$11/Marks!$BC$11)+((Marks!BB28/IF(Marks!$BB$23=0,0.00000001,Marks!$BB$23)))*(Marks!$BB$11/Marks!$BC$11))*100) -> 0 | I19: =IF(Marks!$BC$12=0,0,(((Marks!E28/IF(Marks!$E$23=0,0.00000001,Marks!$E$23)))*(Marks!$E$12/Marks!$BC$12)+((Marks!F28/IF(Marks!$F$23=0,0.00000001,Marks!$F$23)))*(Marks!$F$12/Marks!$BC$12)+((Marks!G28/IF(Marks!$G$23=0,0.00000001,Marks!$G$23)))*(Marks!$G$12/Marks!$BC$12)+((Marks!H28/IF(Marks!$H$23=0,0.00000001,Marks!$H$23)))*(Marks!$H$12/Marks!$BC$12)+((Marks!I28/IF(Marks!$I$23=0,0.00000001,Marks!$I$23)))*(Marks!$I$12/Marks!$BC$12)+((Marks!J28/IF(Marks!$J$23=0,0.00000001,Marks!$J$23)))*(Marks!$J$12/Marks!$BC$12)+((Marks!K28/IF(Marks!$K$23=0,0.00000001,Marks!$K$23)))*(Marks!$K$12/Marks!$BC$12)+((Marks!L28/IF(Marks!$L$23=0,0.00000001,Marks!$L$23)))*(Marks!$L$12/Marks!$BC$12)+((Marks!M28/IF(Marks!$M$23=0,0.00000001,Marks!$M$23)))*(Marks!$M$12/Marks!$BC$12)+((Marks!N28/IF(Marks!$N$23=0,0.00000001,Marks!$N$23)))*(Marks!$N$12/Marks!$BC$12)+((Marks!O28/IF(Marks!$O$23=0,0.00000001,Marks!$O$23)))*(Marks!$O$12/Marks!$BC$12)+((Marks!P28/IF(Marks!$P$23=0,0.0000001,Marks!$P$23)))*(Marks!$P$12/Marks!$BC$12)+((Marks!Q28/IF(Marks!$Q$23=0,0.0000001,Marks!$Q$23)))*(Marks!$Q$12/Marks!$BC$12)+((Marks!R28/IF(Marks!$R$23=0,0.00000001,Marks!$R$23)))*(Marks!$R$12/Marks!$BC$12)+((Marks!S28/IF(Marks!$S$23=0,0.00000001,Marks!$S$23)))*(Marks!$S$12/Marks!$BC$12)+((Marks!T28/IF(Marks!$T$23=0,0.00000001,Marks!$T$23)))*(Marks!$T$12/Marks!$BC$12)+((Marks!U28/IF(Marks!$U$23=0,0.00000001,Marks!$U$23)))*(Marks!$U$12/Marks!$BC$12)+((Marks!V28/IF(Marks!$V$23=0,0.00000001,Marks!$V$23)))*(Marks!$V$12/Marks!$BC$12)+((Marks!W28/IF(Marks!$W$23=0,0.00000001,Marks!$W$23)))*(Marks!$W$12/Marks!$BC$12)+((Marks!X28/IF(Marks!$X$23=0,0.00000001,Marks!$X$23)))*(Marks!$X$12/Marks!$BC$12)+((Marks!Y28/IF(Marks!$Y$23=0,0.00000001,Marks!$Y$23)))*(Marks!$Y$12/Marks!$BC$12)+((Marks!Z28/IF(Marks!$Z$23=0,0.00000001,Marks!$Z$23)))*(Marks!$Z$12/Marks!$BC$12)+((Marks!AA28/IF(Marks!$AA$23=0,0.00000001,Marks!$AA$23)))*(Marks!$AA$12/Marks!$BC$12)+((Marks!AB28/IF(Marks!$AB$23=0,0.00000001,Marks!$AB$23)))*(Marks!$AB$12/Marks!$BC$12)+((Marks!AC28/IF(Marks!$AC$23=0,0.00000001,Marks!$AC$23)))*(Marks!$AC$12/Marks!$BC$12)+((Marks!AD28/IF(Marks!$AD$23=0,0.00000001,Marks!$AD$23)))*(Marks!$AD$12/Marks!$BC$12)+((Marks!AE28/IF(Marks!$AE$23=0,0.00000001,Marks!$AE$23)))*(Marks!$AE$12/Marks!$BC$12)+((Marks!AF28/IF(Marks!$AF$23=0,0.00000001,Marks!$AF$23)))*(Marks!$AF$12/Marks!$BC$12)+((Marks!AG28/IF(Marks!$AG$23=0,0.00000001,Marks!$AG$23)))*(Marks!$AG$12/Marks!$BC$12)+((Marks!AH28/IF(Marks!$AH$23=0,0.00000001,Marks!$AH$23)))*(Marks!$AH$12/Marks!$BC$12)+((Marks!AI28/IF(Marks!$AI$23=0,0.00000001,Marks!$AI$23)))*(Marks!$AI$12/Marks!$BC$12)+((Marks!AJ28/IF(Marks!$AJ$23=0,0.00000001,Marks!$AJ$23)))*(Marks!$AJ$12/Marks!$BC$12)+((Marks!AK28/IF(Marks!$AK$23=0,0.00000001,Marks!$AK$23)))*(Marks!$AK$12/Marks!$BC$12)+((Marks!AL28/IF(Marks!$AL$23=0,0.00000001,Marks!$AL$23)))*(Marks!$AL$12/Marks!$BC$12)+((Marks!AM28/IF(Marks!$AM$23=0,0.00000001,Marks!$AM$23)))*(Marks!$AM$12/Marks!$BC$12)+((Marks!AN28/IF(Marks!$AN$23=0,0.00000001,Marks!$AN$23)))*(Marks!$AN$12/Marks!$BC$12)+((Marks!AO28/IF(Marks!$AO$23=0,0.00000001,Marks!$AO$23)))*(Marks!$AO$12/Marks!$BC$12)+((Marks!AP28/IF(Marks!$AP$23=0,0.00000001,Marks!$AP$23)))*(Marks!$AP$12/Marks!$BC$12)+((Marks!AQ28/IF(Marks!$AQ$23=0,0.00000001,Marks!$AQ$23)))*(Marks!$AQ$12/Marks!$BC$12)+((Marks!AR28/IF(Marks!$AR$23=0,0.00000001,Marks!$AR$23)))*(Marks!$AR$12/Marks!$BC$12)+((Marks!AS28/IF(Marks!$AS$23=0,0.00000001,Marks!$AS$23)))*(Marks!$AS$12/Marks!$BC$12)+((Marks!AT28/IF(Marks!$AT$23=0,0.00000001,Marks!$AT$23)))*(Marks!$AT$12/Marks!$BC$12)+((Marks!AU28/IF(Marks!$AU$23=0,0.00000001,Marks!$AU$23)))*(Marks!$AU$12/Marks!$BC$12)+((Marks!AV28/IF(Marks!$AV$23=0,0.00000001,Marks!$AV$23)))*(Marks!$AV$12/Marks!$BC$12)+((Marks!AW28/IF(Marks!$AW$23=0,0.00000001,Marks!$AW$23)))*(Marks!$AW$12/Marks!$BC$12)+((Marks!AX28/IF(Marks!$AX$23=0,0.00000001,Marks!$AX$23)))*(Marks!$AX$12/Marks!$BC$12)+((Marks!AY28/IF(Marks!$AY$23=0,0.00000001,Marks!$AY$23)))*(Marks!$AY$12/Marks!$BC$12)+((Marks!AZ28/IF(Marks!$AZ$23=0,0.00000001,Marks!$AZ$23)))*(Marks!$AZ$12/Marks!$BC$12)+((Marks!BA28/IF(Marks!$BA$23=0,0.00000001,Marks!$BA$23)))*(Marks!$BA$12/Marks!$BC$12)+((Marks!BB28/IF(Marks!$BB$23=0,0.00000001,Marks!$BB$23)))*(Marks!$BB$12/Marks!$BC$12))*100) -> 0 | J19: =IF(Marks!$BC$13=0,0,(((Marks!E28/IF(Marks!$E$23=0,0.00000001,Marks!$E$23)))*(Marks!$E$13/Marks!$BC$13)+((Marks!F28/IF(Marks!$F$23=0,0.00000001,Marks!$F$23)))*(Marks!$F$13/Marks!$BC$13)+((Marks!G28/IF(Marks!$G$23=0,0.00000001,Marks!$G$23)))*(Marks!$G$13/Marks!$BC$13)+((Marks!H28/IF(Marks!$H$23=0,0.00000001,Marks!$H$23)))*(Marks!$H$13/Marks!$BC$13)+((Marks!I28/IF(Marks!$I$23=0,0.00000001,Marks!$I$23)))*(Marks!$I$13/Marks!$BC$13)+((Marks!J28/IF(Marks!$J$23=0,0.00000001,Marks!$J$23)))*(Marks!$J$13/Marks!$BC$13)+((Marks!K28/IF(Marks!$K$23=0,0.00000001,Marks!$K$23)))*(Marks!$K$13/Marks!$BC$13)+((Marks!L28/IF(Marks!$L$23=0,0.00000001,Marks!$L$23)))*(Marks!$L$13/Marks!$BC$13)+((Marks!M28/IF(Marks!$M$23=0,0.00000001,Marks!$M$23)))*(Marks!$M$13/Marks!$BC$13)+((Marks!N28/IF(Marks!$N$23=0,0.00000001,Marks!$N$23)))*(Marks!$N$13/Marks!$BC$13)+((Marks!O28/IF(Marks!$O$23=0,0.00000001,Marks!$O$23)))*(Marks!$O$13/Marks!$BC$13)+((Marks!P28/IF(Marks!$P$23=0,0.0000001,Marks!$P$23)))*(Marks!$P$13/Marks!$BC$13)+((Marks!Q28/IF(Marks!$Q$23=0,0.0000001,Marks!$Q$23)))*(Marks!$Q$13/Marks!$BC$13)+((Marks!R28/IF(Marks!$R$23=0,0.00000001,Marks!$R$23)))*(Marks!$R$13/Marks!$BC$13)+((Marks!S28/IF(Marks!$S$23=0,0.00000001,Marks!$S$23)))*(Marks!$S$13/Marks!$BC$13)+((Marks!T28/IF(Marks!$T$23=0,0.00000001,Marks!$T$23)))*(Marks!$T$13/Marks!$BC$13)+((Marks!U28/IF(Marks!$U$23=0,0.00000001,Marks!$U$23)))*(Marks!$U$13/Marks!$BC$13)+((Marks!V28/IF(Marks!$V$23=0,0.00000001,Marks!$V$23)))*(Marks!$V$13/Marks!$BC$13)+((Marks!W28/IF(Marks!$W$23=0,0.00000001,Marks!$W$23)))*(Marks!$W$13/Marks!$BC$13)+((Marks!X28/IF(Marks!$X$23=0,0.00000001,Marks!$X$23)))*(Marks!$X$13/Marks!$BC$13)+((Marks!Y28/IF(Marks!$Y$23=0,0.00000001,Marks!$Y$23)))*(Marks!$Y$13/Marks!$BC$13)+((Marks!Z28/IF(Marks!$Z$23=0,0.00000001,Marks!$Z$23)))*(Marks!$Z$13/Marks!$BC$13)+((Marks!AA28/IF(Marks!$AA$23=0,0.00000001,Marks!$AA$23)))*(Marks!$AA$13/Marks!$BC$13)+((Marks!AB28/IF(Marks!$AB$23=0,0.00000001,Marks!$AB$23)))*(Marks!$AB$13/Marks!$BC$13)+((Marks!AC28/IF(Marks!$AC$23=0,0.00000001,Marks!$AC$23)))*(Marks!$AC$13/Marks!$BC$13)+((Marks!AD28/IF(Marks!$AD$23=0,0.00000001,Marks!$AD$23)))*(Marks!$AD$13/Marks!$BC$13)+((Marks!AE28/IF(Marks!$AE$23=0,0.00000001,Marks!$AE$23)))*(Marks!$AE$13/Marks!$BC$13)+((Marks!AF28/IF(Marks!$AF$23=0,0.00000001,Marks!$AF$23)))*(Marks!$AF$13/Marks!$BC$13)+((Marks!AG28/IF(Marks!$AG$23=0,0.00000001,Marks!$AG$23)))*(Marks!$AG$13/Marks!$BC$13)+((Marks!AH28/IF(Marks!$AH$23=0,0.00000001,Marks!$AH$23)))*(Marks!$AH$13/Marks!$BC$13)+((Marks!AI28/IF(Marks!$AI$23=0,0.00000001,Marks!$AI$23)))*(Marks!$AI$13/Marks!$BC$13)+((Marks!AJ28/IF(Marks!$AJ$23=0,0.00000001,Marks!$AJ$23)))*(Marks!$AJ$13/Marks!$BC$13)+((Marks!AK28/IF(Marks!$AK$23=0,0.00000001,Marks!$AK$23)))*(Marks!$AK$13/Marks!$BC$13)+((Marks!AL28/IF(Marks!$AL$23=0,0.00000001,Marks!$AL$23)))*(Marks!$AL$13/Marks!$BC$13)+((Marks!AM28/IF(Marks!$AM$23=0,0.00000001,Marks!$AM$23)))*(Marks!$AM$13/Marks!$BC$13)+((Marks!AN28/IF(Marks!$AN$23=0,0.00000001,Marks!$AN$23)))*(Marks!$AN$13/Marks!$BC$13)+((Marks!AO28/IF(Marks!$AO$23=0,0.00000001,Marks!$AO$23)))*(Marks!$AO$13/Marks!$BC$13)+((Marks!AP28/IF(Marks!$AP$23=0,0.00000001,Marks!$AP$23)))*(Marks!$AP$13/Marks!$BC$13)+((Marks!AQ28/IF(Marks!$AQ$23=0,0.00000001,Marks!$AQ$23)))*(Marks!$AQ$13/Marks!$BC$13)+((Marks!AR28/IF(Marks!$AR$23=0,0.00000001,Marks!$AR$23)))*(Marks!$AR$13/Marks!$BC$13)+((Marks!AS28/IF(Marks!$AS$23=0,0.00000001,Marks!$AS$23)))*(Marks!$AS$13/Marks!$BC$13)+((Marks!AT28/IF(Marks!$AT$23=0,0.00000001,Marks!$AT$23)))*(Marks!$AT$13/Marks!$BC$13)+((Marks!AU28/IF(Marks!$AU$23=0,0.00000001,Marks!$AU$23)))*(Marks!$AU$13/Marks!$BC$13)+((Marks!AV28/IF(Marks!$AV$23=0,0.00000001,Marks!$AV$23)))*(Marks!$AV$13/Marks!$BC$13)+((Marks!AW28/IF(Marks!$AW$23=0,0.00000001,Marks!$AW$23)))*(Marks!$AW$13/Marks!$BC$13)+((Marks!AX28/IF(Marks!$AX$23=0,0.00000001,Marks!$AX$23)))*(Marks!$AX$13/Marks!$BC$13)+((Marks!AY28/IF(Marks!$AY$23=0,0.00000001,Marks!$AY$23)))*(Marks!$AY$13/Marks!$BC$13)+((Marks!AZ28/IF(Marks!$AZ$23=0,0.00000001,Marks!$AZ$23)))*(Marks!$AZ$13/Marks!$BC$13)+((Marks!BA28/IF(Marks!$BA$23=0,0.00000001,Marks!$BA$23)))*(Marks!$BA$13/Marks!$BC$13)+((Marks!BB28/IF(Marks!$BB$23=0,0.00000001,Marks!$BB$23)))*(Marks!$BB$13/Marks!$BC$13))*100) -> 0 | K19: =IF(Marks!$BC$14=0,0,(((Marks!E28/IF(Marks!$E$23=0,0.00000001,Marks!$E$23)))*(Marks!$E$14/Marks!$BC$14)+((Marks!F28/IF(Marks!$F$23=0,0.00000001,Marks!$F$23)))*(Marks!$F$14/Marks!$BC$14)+((Marks!G28/IF(Marks!$G$23=0,0.00000001,Marks!$G$23)))*(Marks!$G$14/Marks!$BC$14)+((Marks!H28/IF(Marks!$H$23=0,0.00000001,Marks!$H$23)))*(Marks!$H$14/Marks!$BC$14)+((Marks!I28/IF(Marks!$I$23=0,0.00000001,Marks!$I$23)))*(Marks!$I$14/Marks!$BC$14)+((Marks!J28/IF(Marks!$J$23=0,0.00000001,Marks!$J$23)))*(Marks!$J$14/Marks!$BC$14)+((Marks!K28/IF(Marks!$K$23=0,0.00000001,Marks!$K$23)))*(Marks!$K$14/Marks!$BC$14)+((Marks!L28/IF(Marks!$L$23=0,0.00000001,Marks!$L$23)))*(Marks!$L$14/Marks!$BC$14)+((Marks!M28/IF(Marks!$M$23=0,0.00000001,Marks!$M$23)))*(Marks!$M$14/Marks!$BC$14)+((Marks!N28/IF(Marks!$N$23=0,0.00000001,Marks!$N$23)))*(Marks!$N$14/Marks!$BC$14)+((Marks!O28/IF(Marks!$O$23=0,0.00000001,Marks!$O$23)))*(Marks!$O$14/Marks!$BC$14)+((Marks!P28/IF(Marks!$P$23=0,0.0000001,Marks!$P$23)))*(Marks!$P$14/Marks!$BC$14)+((Marks!Q28/IF(Marks!$Q$23=0,0.0000001,Marks!$Q$23)))*(Marks!$Q$14/Marks!$BC$14)+((Marks!R28/IF(Marks!$R$23=0,0.00000001,Marks!$R$23)))*(Marks!$R$14/Marks!$BC$14)+((Marks!S28/IF(Marks!$S$23=0,0.00000001,Marks!$S$23)))*(Marks!$S$14/Marks!$BC$14)+((Marks!T28/IF(Marks!$T$23=0,0.00000001,Marks!$T$23)))*(Marks!$T$14/Marks!$BC$14)+((Marks!U28/IF(Marks!$U$23=0,0.00000001,Marks!$U$23)))*(Marks!$U$14/Marks!$BC$14)+((Marks!V28/IF(Marks!$V$23=0,0.00000001,Marks!$V$23)))*(Marks!$V$14/Marks!$BC$14)+((Marks!W28/IF(Marks!$W$23=0,0.00000001,Marks!$W$23)))*(Marks!$W$14/Marks!$BC$14)+((Marks!X28/IF(Marks!$X$23=0,0.00000001,Marks!$X$23)))*(Marks!$X$14/Marks!$BC$14)+((Marks!Y28/IF(Marks!$Y$23=0,0.00000001,Marks!$Y$23)))*(Marks!$Y$14/Marks!$BC$14)+((Marks!Z28/IF(Marks!$Z$23=0,0.00000001,Marks!$Z$23)))*(Marks!$Z$14/Marks!$BC$14)+((Marks!AA28/IF(Marks!$AA$23=0,0.00000001,Marks!$AA$23)))*(Marks!$AA$14/Marks!$BC$14)+((Marks!AB28/IF(Marks!$AB$23=0,0.00000001,Marks!$AB$23)))*(Marks!$AB$14/Marks!$BC$14)+((Marks!AC28/IF(Marks!$AC$23=0,0.00000001,Marks!$AC$23)))*(Marks!$AC$14/Marks!$BC$14)+((Marks!AD28/IF(Marks!$AD$23=0,0.00000001,Marks!$AD$23)))*(Marks!$AD$14/Marks!$BC$14)+((Marks!AE28/IF(Marks!$AE$23=0,0.00000001,Marks!$AE$23)))*(Marks!$AE$14/Marks!$BC$14)+((Marks!AF28/IF(Marks!$AF$23=0,0.00000001,Marks!$AF$23)))*(Marks!$AF$14/Marks!$BC$14)+((Marks!AG28/IF(Marks!$AG$23=0,0.00000001,Marks!$AG$23)))*(Marks!$AG$14/Marks!$BC$14)+((Marks!AH28/IF(Marks!$AH$23=0,0.00000001,Marks!$AH$23)))*(Marks!$AH$14/Marks!$BC$14)+((Marks!AI28/IF(Marks!$AI$23=0,0.00000001,Marks!$AI$23)))*(Marks!$AI$14/Marks!$BC$14)+((Marks!AJ28/IF(Marks!$AJ$23=0,0.00000001,Marks!$AJ$23)))*(Marks!$AJ$14/Marks!$BC$14)+((Marks!AK28/IF(Marks!$AK$23=0,0.00000001,Marks!$AK$23)))*(Marks!$AK$14/Marks!$BC$14)+((Marks!AL28/IF(Marks!$AL$23=0,0.00000001,Marks!$AL$23)))*(Marks!$AL$14/Marks!$BC$14)+((Marks!AM28/IF(Marks!$AM$23=0,0.00000001,Marks!$AM$23)))*(Marks!$AM$14/Marks!$BC$14)+((Marks!AN28/IF(Marks!$AN$23=0,0.00000001,Marks!$AN$23)))*(Marks!$AN$14/Marks!$BC$14)+((Marks!AO28/IF(Marks!$AO$23=0,0.00000001,Marks!$AO$23)))*(Marks!$AO$14/Marks!$BC$14)+((Marks!AP28/IF(Marks!$AP$23=0,0.00000001,Marks!$AP$23)))*(Marks!$AP$14/Marks!$BC$14)+((Marks!AQ28/IF(Marks!$AQ$23=0,0.00000001,Marks!$AQ$23)))*(Marks!$AQ$14/Marks!$BC$14)+((Marks!AR28/IF(Marks!$AR$23=0,0.00000001,Marks!$AR$23)))*(Marks!$AR$14/Marks!$BC$14)+((Marks!AS28/IF(Marks!$AS$23=0,0.00000001,Marks!$AS$23)))*(Marks!$AS$14/Marks!$BC$14)+((Marks!AT28/IF(Marks!$AT$23=0,0.00000001,Marks!$AT$23)))*(Marks!$AT$14/Marks!$BC$14)+((Marks!AU28/IF(Marks!$AU$23=0,0.00000001,Marks!$AU$23)))*(Marks!$AU$14/Marks!$BC$14)+((Marks!AV28/IF(Marks!$AV$23=0,0.00000001,Marks!$AV$23)))*(Marks!$AV$14/Marks!$BC$14)+((Marks!AW28/IF(Marks!$AW$23=0,0.00000001,Marks!$AW$23)))*(Marks!$AW$14/Marks!$BC$14)+((Marks!AX28/IF(Marks!$AX$23=0,0.00000001,Marks!$AX$23)))*(Marks!$AX$14/Marks!$BC$14)+((Marks!AY28/IF(Marks!$AY$23=0,0.00000001,Marks!$AY$23)))*(Marks!$AY$14/Marks!$BC$14)+((Marks!AZ28/IF(Marks!$AZ$23=0,0.00000001,Marks!$AZ$23)))*(Marks!$AZ$14/Marks!$BC$14)+((Marks!BA28/IF(Marks!$BA$23=0,0.00000001,Marks!$BA$23)))*(Marks!$BA$14/Marks!$BC$14)+((Marks!BB28/IF(Marks!$BB$23=0,0.00000001,Marks!$BB$23)))*(Marks!$BB$14/Marks!$BC$14))*100) -> 0 | L19: =IF(Marks!$BC$15=0,0,(((Marks!E28/IF(Marks!$E$23=0,0.00000001,Marks!$E$23)))*(Marks!$E$15/Marks!$BC$15)+((Marks!F28/IF(Marks!$F$23=0,0.00000001,Marks!$F$23)))*(Marks!$F$15/Marks!$BC$15)+((Marks!G28/IF(Marks!$G$23=0,0.00000001,Marks!$G$23)))*(Marks!$G$15/Marks!$BC$15)+((Marks!H28/IF(Marks!$H$23=0,0.00000001,Marks!$H$23)))*(Marks!$H$15/Marks!$BC$15)+((Marks!I28/IF(Marks!$I$23=0,0.00000001,Marks!$I$23)))*(Marks!$I$15/Marks!$BC$15)+((Marks!J28/IF(Marks!$J$23=0,0.00000001,Marks!$J$23)))*(Marks!$J$15/Marks!$BC$15)+((Marks!K28/IF(Marks!$K$23=0,0.00000001,Marks!$K$23)))*(Marks!$K$15/Marks!$BC$15)+((Marks!L28/IF(Marks!$L$23=0,0.00000001,Marks!$L$23)))*(Marks!$L$15/Marks!$BC$15)+((Marks!M28/IF(Marks!$M$23=0,0.00000001,Marks!$M$23)))*(Marks!$M$15/Marks!$BC$15)+((Marks!N28/IF(Marks!$N$23=0,0.00000001,Marks!$N$23)))*(Marks!$N$15/Marks!$BC$15)+((Marks!O28/IF(Marks!$O$23=0,0.00000001,Marks!$O$23)))*(Marks!$O$15/Marks!$BC$15)+((Marks!P28/IF(Marks!$P$23=0,0.0000001,Marks!$P$23)))*(Marks!$P$15/Marks!$BC$15)+((Marks!Q28/IF(Marks!$Q$23=0,0.0000001,Marks!$Q$23)))*(Marks!$Q$15/Marks!$BC$15)+((Marks!R28/IF(Marks!$R$23=0,0.00000001,Marks!$R$23)))*(Marks!$R$15/Marks!$BC$15)+((Marks!S28/IF(Marks!$S$23=0,0.00000001,Marks!$S$23)))*(Marks!$S$15/Marks!$BC$15)+((Marks!T28/IF(Marks!$T$23=0,0.00000001,Marks!$T$23)))*(Marks!$T$15/Marks!$BC$15)+((Marks!U28/IF(Marks!$U$23=0,0.00000001,Marks!$U$23)))*(Marks!$U$15/Marks!$BC$15)+((Marks!V28/IF(Marks!$V$23=0,0.00000001,Marks!$V$23)))*(Marks!$V$15/Marks!$BC$15)+((Marks!W28/IF(Marks!$W$23=0,0.00000001,Marks!$W$23)))*(Marks!$W$15/Marks!$BC$15)+((Marks!X28/IF(Marks!$X$23=0,0.00000001,Marks!$X$23)))*(Marks!$X$15/Marks!$BC$15)+((Marks!Y28/IF(Marks!$Y$23=0,0.00000001,Marks!$Y$23)))*(Marks!$Y$15/Marks!$BC$15)+((Marks!Z28/IF(Marks!$Z$23=0,0.00000001,Marks!$Z$23)))*(Marks!$Z$15/Marks!$BC$15)+((Marks!AA28/IF(Marks!$AA$23=0,0.00000001,Marks!$AA$23)))*(Marks!$AA$15/Marks!$BC$15)+((Marks!AB28/IF(Marks!$AB$23=0,0.00000001,Marks!$AB$23)))*(Marks!$AB$15/Marks!$BC$15)+((Marks!AC28/IF(Marks!$AC$23=0,0.00000001,Marks!$AC$23)))*(Marks!$AC$15/Marks!$BC$15)+((Marks!AD28/IF(Marks!$AD$23=0,0.00000001,Marks!$AD$23)))*(Marks!$AD$15/Marks!$BC$15)+((Marks!AE28/IF(Marks!$AE$23=0,0.00000001,Marks!$AE$23)))*(Marks!$AE$15/Marks!$BC$15)+((Marks!AF28/IF(Marks!$AF$23=0,0.00000001,Marks!$AF$23)))*(Marks!$AF$15/Marks!$BC$15)+((Marks!AG28/IF(Marks!$AG$23=0,0.00000001,Marks!$AG$23)))*(Marks!$AG$15/Marks!$BC$15)+((Marks!AH28/IF(Marks!$AH$23=0,0.00000001,Marks!$AH$23)))*(Marks!$AH$15/Marks!$BC$15)+((Marks!AI28/IF(Marks!$AI$23=0,0.00000001,Marks!$AI$23)))*(Marks!$AI$15/Marks!$BC$15)+((Marks!AJ28/IF(Marks!$AJ$23=0,0.00000001,Marks!$AJ$23)))*(Marks!$AJ$15/Marks!$BC$15)+((Marks!AK28/IF(Marks!$AK$23=0,0.00000001,Marks!$AK$23)))*(Marks!$AK$15/Marks!$BC$15)+((Marks!AL28/IF(Marks!$AL$23=0,0.00000001,Marks!$AL$23)))*(Marks!$AL$15/Marks!$BC$15)+((Marks!AM28/IF(Marks!$AM$23=0,0.00000001,Marks!$AM$23)))*(Marks!$AM$15/Marks!$BC$15)+((Marks!AN28/IF(Marks!$AN$23=0,0.00000001,Marks!$AN$23)))*(Marks!$AN$15/Marks!$BC$15)+((Marks!AO28/IF(Marks!$AO$23=0,0.00000001,Marks!$AO$23)))*(Marks!$AO$15/Marks!$BC$15)+((Marks!AP28/IF(Marks!$AP$23=0,0.00000001,Marks!$AP$23)))*(Marks!$AP$15/Marks!$BC$15)+((Marks!AQ28/IF(Marks!$AQ$23=0,0.00000001,Marks!$AQ$23)))*(Marks!$AQ$15/Marks!$BC$15)+((Marks!AR28/IF(Marks!$AR$23=0,0.00000001,Marks!$AR$23)))*(Marks!$AR$15/Marks!$BC$15)+((Marks!AS28/IF(Marks!$AS$23=0,0.00000001,Marks!$AS$23)))*(Marks!$AS$15/Marks!$BC$15)+((Marks!AT28/IF(Marks!$AT$23=0,0.00000001,Marks!$AT$23)))*(Marks!$AT$15/Marks!$BC$15)+((Marks!AU28/IF(Marks!$AU$23=0,0.00000001,Marks!$AU$23)))*(Marks!$AU$15/Marks!$BC$15)+((Marks!AV28/IF(Marks!$AV$23=0,0.00000001,Marks!$AV$23)))*(Marks!$AV$15/Marks!$BC$15)+((Marks!AW28/IF(Marks!$AW$23=0,0.00000001,Marks!$AW$23)))*(Marks!$AW$15/Marks!$BC$15)+((Marks!AX28/IF(Marks!$AX$23=0,0.00000001,Marks!$AX$23)))*(Marks!$AX$15/Marks!$BC$15)+((Marks!AY28/IF(Marks!$AY$23=0,0.00000001,Marks!$AY$23)))*(Marks!$AY$15/Marks!$BC$15)+((Marks!AZ28/IF(Marks!$AZ$23=0,0.00000001,Marks!$AZ$23)))*(Marks!$AZ$15/Marks!$BC$15)+((Marks!BA28/IF(Marks!$BA$23=0,0.00000001,Marks!$BA$23)))*(Marks!$BA$15/Marks!$BC$15)+((Marks!BB28/IF(Marks!$BB$23=0,0.00000001,Marks!$BB$23)))*(Marks!$BB$15/Marks!$BC$15))*100) -> 0 | M19: =IF(Marks!$BC$16=0,0,(((Marks!E28/IF(Marks!$E$23=0,0.00000001,Marks!$E$23)))*(Marks!$E$16/Marks!$BC$16)+((Marks!F28/IF(Marks!$F$23=0,0.00000001,Marks!$F$23)))*(Marks!$F$16/Marks!$BC$16)+((Marks!G28/IF(Marks!$G$23=0,0.00000001,Marks!$G$23)))*(Marks!$G$16/Marks!$BC$16)+((Marks!H28/IF(Marks!$H$23=0,0.00000001,Marks!$H$23)))*(Marks!$H$16/Marks!$BC$16)+((Marks!I28/IF(Marks!$I$23=0,0.00000001,Marks!$I$23)))*(Marks!$I$16/Marks!$BC$16)+((Marks!J28/IF(Marks!$J$23=0,0.00000001,Marks!$J$23)))*(Marks!$J$16/Marks!$BC$16)+((Marks!K28/IF(Marks!$K$23=0,0.00000001,Marks!$K$23)))*(Marks!$K$16/Marks!$BC$16)+((Marks!L28/IF(Marks!$L$23=0,0.00000001,Marks!$L$23)))*(Marks!$L$16/Marks!$BC$16)+((Marks!M28/IF(Marks!$M$23=0,0.00000001,Marks!$M$23)))*(Marks!$M$16/Marks!$BC$16)+((Marks!N28/IF(Marks!$N$23=0,0.00000001,Marks!$N$23)))*(Marks!$N$16/Marks!$BC$16)+((Marks!O28/IF(Marks!$O$23=0,0.00000001,Marks!$O$23)))*(Marks!$O$16/Marks!$BC$16)+((Marks!P28/IF(Marks!$P$23=0,0.0000001,Marks!$P$23)))*(Marks!$P$16/Marks!$BC$16)+((Marks!Q28/IF(Marks!$Q$23=0,0.0000001,Marks!$Q$23)))*(Marks!$Q$16/Marks!$BC$16)+((Marks!R28/IF(Marks!$R$23=0,0.00000001,Marks!$R$23)))*(Marks!$R$16/Marks!$BC$16)+((Marks!S28/IF(Marks!$S$23=0,0.00000001,Marks!$S$23)))*(Marks!$S$16/Marks!$BC$16)+((Marks!T28/IF(Marks!$T$23=0,0.00000001,Marks!$T$23)))*(Marks!$T$16/Marks!$BC$16)+((Marks!U28/IF(Marks!$U$23=0,0.00000001,Marks!$U$23)))*(Marks!$U$16/Marks!$BC$16)+((Marks!V28/IF(Marks!$V$23=0,0.00000001,Marks!$V$23)))*(Marks!$V$16/Marks!$BC$16)+((Marks!W28/IF(Marks!$W$23=0,0.00000001,Marks!$W$23)))*(Marks!$W$16/Marks!$BC$16)+((Marks!X28/IF(Marks!$X$23=0,0.00000001,Marks!$X$23)))*(Marks!$X$16/Marks!$BC$16)+((Marks!Y28/IF(Marks!$Y$23=0,0.00000001,Marks!$Y$23)))*(Marks!$Y$16/Marks!$BC$16)+((Marks!Z28/IF(Marks!$Z$23=0,0.00000001,Marks!$Z$23)))*(Marks!$Z$16/Marks!$BC$16)+((Marks!AA28/IF(Marks!$AA$23=0,0.00000001,Marks!$AA$23)))*(Marks!$AA$16/Marks!$BC$16)+((Marks!AB28/IF(Marks!$AB$23=0,0.00000001,Marks!$AB$23)))*(Marks!$AB$16/Marks!$BC$16)+((Marks!AC28/IF(Marks!$AC$23=0,0.00000001,Marks!$AC$23)))*(Marks!$AC$16/Marks!$BC$16)+((Marks!AD28/IF(Marks!$AD$23=0,0.00000001,Marks!$AD$23)))*(Marks!$AD$16/Marks!$BC$16)+((Marks!AE28/IF(Marks!$AE$23=0,0.00000001,Marks!$AE$23)))*(Marks!$AE$16/Marks!$BC$16)+((Marks!AF28/IF(Marks!$AF$23=0,0.00000001,Marks!$AF$23)))*(Marks!$AF$16/Marks!$BC$16)+((Marks!AG28/IF(Marks!$AG$23=0,0.00000001,Marks!$AG$23)))*(Marks!$AG$16/Marks!$BC$16)+((Marks!AH28/IF(Marks!$AH$23=0,0.00000001,Marks!$AH$23)))*(Marks!$AH$16/Marks!$BC$16)+((Marks!AI28/IF(Marks!$AI$23=0,0.00000001,Marks!$AI$23)))*(Marks!$AI$16/Marks!$BC$16)+((Marks!AJ28/IF(Marks!$AJ$23=0,0.00000001,Marks!$AJ$23)))*(Marks!$AJ$16/Marks!$BC$16)+((Marks!AK28/IF(Marks!$AK$23=0,0.00000001,Marks!$AK$23)))*(Marks!$AK$16/Marks!$BC$16)+((Marks!AL28/IF(Marks!$AL$23=0,0.00000001,Marks!$AL$23)))*(Marks!$AL$16/Marks!$BC$16)+((Marks!AM28/IF(Marks!$AM$23=0,0.00000001,Marks!$AM$23)))*(Marks!$AM$16/Marks!$BC$16)+((Marks!AN28/IF(Marks!$AN$23=0,0.00000001,Marks!$AN$23)))*(Marks!$AN$16/Marks!$BC$16)+((Marks!AO28/IF(Marks!$AO$23=0,0.00000001,Marks!$AO$23)))*(Marks!$AO$16/Marks!$BC$16)+((Marks!AP28/IF(Marks!$AP$23=0,0.00000001,Marks!$AP$23)))*(Marks!$AP$16/Marks!$BC$16)+((Marks!AQ28/IF(Marks!$AQ$23=0,0.00000001,Marks!$AQ$23)))*(Marks!$AQ$16/Marks!$BC$16)+((Marks!AR28/IF(Marks!$AR$23=0,0.00000001,Marks!$AR$23)))*(Marks!$AR$16/Marks!$BC$16)+((Marks!AS28/IF(Marks!$AS$23=0,0.00000001,Marks!$AS$23)))*(Marks!$AS$16/Marks!$BC$16)+((Marks!AT28/IF(Marks!$AT$23=0,0.00000001,Marks!$AT$23)))*(Marks!$AT$16/Marks!$BC$16)+((Marks!AU28/IF(Marks!$AU$23=0,0.00000001,Marks!$AU$23)))*(Marks!$AU$16/Marks!$BC$16)+((Marks!AV28/IF(Marks!$AV$23=0,0.00000001,Marks!$AV$23)))*(Marks!$AV$16/Marks!$BC$16)+((Marks!AW28/IF(Marks!$AW$23=0,0.00000001,Marks!$AW$23)))*(Marks!$AW$16/Marks!$BC$16)+((Marks!AX28/IF(Marks!$AX$23=0,0.00000001,Marks!$AX$23)))*(Marks!$AX$16/Marks!$BC$16)+((Marks!AY28/IF(Marks!$AY$23=0,0.00000001,Marks!$AY$23)))*(Marks!$AY$16/Marks!$BC$16)+((Marks!AZ28/IF(Marks!$AZ$23=0,0.00000001,Marks!$AZ$23)))*(Marks!$AZ$16/Marks!$BC$16)+((Marks!BA28/IF(Marks!$BA$23=0,0.00000001,Marks!$BA$23)))*(Marks!$BA$16/Marks!$BC$16)+((Marks!BB28/IF(Marks!$BB$23=0,0.00000001,Marks!$BB$23)))*(Marks!$BB$16/Marks!$BC$16))*100) -> 0 | N19: =IF(Marks!$BC$17=0,0,(((Marks!E28/IF(Marks!$E$23=0,0.00000001,Marks!$E$23)))*(Marks!$E$17/Marks!$BC$17)+((Marks!F28/IF(Marks!$F$23=0,0.00000001,Marks!$F$23)))*(Marks!$F$17/Marks!$BC$17)+((Marks!G28/IF(Marks!$G$23=0,0.00000001,Marks!$G$23)))*(Marks!$G$17/Marks!$BC$17)+((Marks!H28/IF(Marks!$H$23=0,0.00000001,Marks!$H$23)))*(Marks!$H$17/Marks!$BC$17)+((Marks!I28/IF(Marks!$I$23=0,0.00000001,Marks!$I$23)))*(Marks!$I$17/Marks!$BC$17)+((Marks!J28/IF(Marks!$J$23=0,0.00000001,Marks!$J$23)))*(Marks!$J$17/Marks!$BC$17)+((Marks!K28/IF(Marks!$K$23=0,0.00000001,Marks!$K$23)))*(Marks!$K$17/Marks!$BC$17)+((Marks!L28/IF(Marks!$L$23=0,0.00000001,Marks!$L$23)))*(Marks!$L$17/Marks!$BC$17)+((Marks!M28/IF(Marks!$M$23=0,0.00000001,Marks!$M$23)))*(Marks!$M$17/Marks!$BC$17)+((Marks!N28/IF(Marks!$N$23=0,0.00000001,Marks!$N$23)))*(Marks!$N$17/Marks!$BC$17)+((Marks!O28/IF(Marks!$O$23=0,0.00000001,Marks!$O$23)))*(Marks!$O$17/Marks!$BC$17)+((Marks!P28/IF(Marks!$P$23=0,0.0000001,Marks!$P$23)))*(Marks!$P$17/Marks!$BC$17)+((Marks!Q28/IF(Marks!$Q$23=0,0.0000001,Marks!$Q$23)))*(Marks!$Q$17/Marks!$BC$17)+((Marks!R28/IF(Marks!$R$23=0,0.00000001,Marks!$R$23)))*(Marks!$R$17/Marks!$BC$17)+((Marks!S28/IF(Marks!$S$23=0,0.00000001,Marks!$S$23)))*(Marks!$S$17/Marks!$BC$17)+((Marks!T28/IF(Marks!$T$23=0,0.00000001,Marks!$T$23)))*(Marks!$T$17/Marks!$BC$17)+((Marks!U28/IF(Marks!$U$23=0,0.00000001,Marks!$U$23)))*(Marks!$U$17/Marks!$BC$17)+((Marks!V28/IF(Marks!$V$23=0,0.00000001,Marks!$V$23)))*(Marks!$V$17/Marks!$BC$17)+((Marks!W28/IF(Marks!$W$23=0,0.00000001,Marks!$W$23)))*(Marks!$W$17/Marks!$BC$17)+((Marks!X28/IF(Marks!$X$23=0,0.00000001,Marks!$X$23)))*(Marks!$X$17/Marks!$BC$17)+((Marks!Y28/IF(Marks!$Y$23=0,0.00000001,Marks!$Y$23)))*(Marks!$Y$17/Marks!$BC$17)+((Marks!Z28/IF(Marks!$Z$23=0,0.00000001,Marks!$Z$23)))*(Marks!$Z$17/Marks!$BC$17)+((Marks!AA28/IF(Marks!$AA$23=0,0.00000001,Marks!$AA$23)))*(Marks!$AA$17/Marks!$BC$17)+((Marks!AB28/IF(Marks!$AB$23=0,0.00000001,Marks!$AB$23)))*(Marks!$AB$17/Marks!$BC$17)+((Marks!AC28/IF(Marks!$AC$23=0,0.00000001,Marks!$AC$23)))*(Marks!$AC$17/Marks!$BC$17)+((Marks!AD28/IF(Marks!$AD$23=0,0.00000001,Marks!$AD$23)))*(Marks!$AD$17/Marks!$BC$17)+((Marks!AE28/IF(Marks!$AE$23=0,0.00000001,Marks!$AE$23)))*(Marks!$AE$17/Marks!$BC$17)+((Marks!AF28/IF(Marks!$AF$23=0,0.00000001,Marks!$AF$23)))*(Marks!$AF$17/Marks!$BC$17)+((Marks!AG28/IF(Marks!$AG$23=0,0.00000001,Marks!$AG$23)))*(Marks!$AG$17/Marks!$BC$17)+((Marks!AH28/IF(Marks!$AH$23=0,0.00000001,Marks!$AH$23)))*(Marks!$AH$17/Marks!$BC$17)+((Marks!AI28/IF(Marks!$AI$23=0,0.00000001,Marks!$AI$23)))*(Marks!$AI$17/Marks!$BC$17)+((Marks!AJ28/IF(Marks!$AJ$23=0,0.00000001,Marks!$AJ$23)))*(Marks!$AJ$17/Marks!$BC$17)+((Marks!AK28/IF(Marks!$AK$23=0,0.00000001,Marks!$AK$23)))*(Marks!$AK$17/Marks!$BC$17)+((Marks!AL28/IF(Marks!$AL$23=0,0.00000001,Marks!$AL$23)))*(Marks!$AL$17/Marks!$BC$17)+((Marks!AM28/IF(Marks!$AM$23=0,0.00000001,Marks!$AM$23)))*(Marks!$AM$17/Marks!$BC$17)+((Marks!AN28/IF(Marks!$AN$23=0,0.00000001,Marks!$AN$23)))*(Marks!$AN$17/Marks!$BC$17)+((Marks!AO28/IF(Marks!$AO$23=0,0.00000001,Marks!$AO$23)))*(Marks!$AO$17/Marks!$BC$17)+((Marks!AP28/IF(Marks!$AP$23=0,0.00000001,Marks!$AP$23)))*(Marks!$AP$17/Marks!$BC$17)+((Marks!AQ28/IF(Marks!$AQ$23=0,0.00000001,Marks!$AQ$23)))*(Marks!$AQ$17/Marks!$BC$17)+((Marks!AR28/IF(Marks!$AR$23=0,0.00000001,Marks!$AR$23)))*(Marks!$AR$17/Marks!$BC$17)+((Marks!AS28/IF(Marks!$AS$23=0,0.00000001,Marks!$AS$23)))*(Marks!$AS$17/Marks!$BC$17)+((Marks!AT28/IF(Marks!$AT$23=0,0.00000001,Marks!$AT$23)))*(Marks!$AT$17/Marks!$BC$17)+((Marks!AU28/IF(Marks!$AU$23=0,0.00000001,Marks!$AU$23)))*(Marks!$AU$17/Marks!$BC$17)+((Marks!AV28/IF(Marks!$AV$23=0,0.00000001,Marks!$AV$23)))*(Marks!$AV$17/Marks!$BC$17)+((Marks!AW28/IF(Marks!$AW$23=0,0.00000001,Marks!$AW$23)))*(Marks!$AW$17/Marks!$BC$17)+((Marks!AX28/IF(Marks!$AX$23=0,0.00000001,Marks!$AX$23)))*(Marks!$AX$17/Marks!$BC$17)+((Marks!AY28/IF(Marks!$AY$23=0,0.00000001,Marks!$AY$23)))*(Marks!$AY$17/Marks!$BC$17)+((Marks!AZ28/IF(Marks!$AZ$23=0,0.00000001,Marks!$AZ$23)))*(Marks!$AZ$17/Marks!$BC$17)+((Marks!BA28/IF(Marks!$BA$23=0,0.00000001,Marks!$BA$23)))*(Marks!$BA$17/Marks!$BC$17)+((Marks!BB28/IF(Marks!$BB$23=0,0.00000001,Marks!$BB$23)))*(Marks!$BB$17/Marks!$BC$17))*100) -> 0 | P19: =(C19*'Course Info'!$C$28/'Course Info'!$C$40)+(D19*'Course Info'!$C$29/'Course Info'!$C$40)+(E19*'Course Info'!$C$30/'Course Info'!$C$40)+(F19*'Course Info'!$C$31/'Course Info'!$C$40)+(G19*'Course Info'!$C$32/'Course Info'!$C$40)+(H19*'Course Info'!$C$33/'Course Info'!$C$40)+(I19*'Course Info'!$C$34/'Course Info'!$C$40)+(J19*'Course Info'!$C$35/'Course Info'!$C$40)+(K19*'Course Info'!$C$36/'Course Info'!$C$40)+(L19*'Course Info'!$C$37/'Course Info'!$C$40)+(M19*'Course Info'!$C$38/'Course Info'!$C$40)+(N19*'Course Info'!$C$39/'Course Info'!$C$40) -> 78.571429 | Q19: =(C19*'Course Info'!$D$28/'Course Info'!$D$40)+(D19*'Course Info'!$D$29/'Course Info'!$D$40)+(E19*'Course Info'!$D$30/'Course Info'!$D$40)+(F19*'Course Info'!$D$31/'Course Info'!$D$40)+(G19*'Course Info'!$D$32/'Course Info'!$D$40)+(H19*'Course Info'!$D$33/'Course Info'!$D$40)+(I19*'Course Info'!$D$34/'Course Info'!$D$40)+(J19*'Course Info'!$D$35/'Course Info'!$D$40)+(K19*'Course Info'!$D$36/'Course Info'!$D$40)+(L19*'Course Info'!$D$37/'Course Info'!$D$40)+(M19*'Course Info'!$D$38/'Course Info'!$D$40)+(N19*'Course Info'!$D$39/'Course Info'!$D$40) -> 74.833333 | R19: =(C19*'Course Info'!$E$28/'Course Info'!$E$40)+(D19*'Course Info'!$E$29/'Course Info'!$E$40)+(E19*'Course Info'!$E$30/'Course Info'!$E$40)+(F19*'Course Info'!$E$31/'Course Info'!$E$40)+(G19*'Course Info'!$E$32/'Course Info'!$E$40)+(H19*'Course Info'!$E$33/'Course Info'!$E$40)+(I19*'Course Info'!$E$34/'Course Info'!$E$40)+(J19*'Course Info'!$E$35/'Course Info'!$E$40)+(K19*'Course Info'!$E$36/'Course Info'!$E$40)+(L19*'Course Info'!$E$37/'Course Info'!$E$40)+(M19*'Course Info'!$E$38/'Course Info'!$E$40)+(N19*'Course Info'!$E$39/'Course Info'!$E$40) -> #DIV/0! | S19: =(C19*'Course Info'!$F$28/'Course Info'!$F$40)+(D19*'Course Info'!$F$29/'Course Info'!$F$40)+(E19*'Course Info'!$F$30/'Course Info'!$F$40)+(F19*'Course Info'!$F$31/'Course Info'!$F$40)+(G19*'Course Info'!$F$32/'Course Info'!$F$40)+(H19*'Course Info'!$F$33/'Course Info'!$F$40)+(I19*'Course Info'!$F$34/'Course Info'!$F$40)+(J19*'Course Info'!$F$35/'Course Info'!$F$40)+(K19*'Course Info'!$F$36/'Course Info'!$F$40)+(L19*'Course Info'!$F$37/'Course Info'!$F$40)+(M19*'Course Info'!$F$38/'Course Info'!$F$40)+(N19*'Course Info'!$F$39/'Course Info'!$F$40) -> #DIV/0! | T19: =(C19*'Course Info'!$G$28/'Course Info'!$G$40)+(D19*'Course Info'!$G$29/'Course Info'!$G$40)+(E19*'Course Info'!$G$30/'Course Info'!$G$40)+(F19*'Course Info'!$G$31/'Course Info'!$G$40)+(G19*'Course Info'!$G$32/'Course Info'!$G$40)+(H19*'Course Info'!$G$33/'Course Info'!$G$40)+(I19*'Course Info'!$G$34/'Course Info'!$G$40)+(J19*'Course Info'!$G$35/'Course Info'!$G$40)+(K19*'Course Info'!$G$36/'Course Info'!$G$40)+(L19*'Course Info'!$G$37/'Course Info'!$G$40)+(M19*'Course Info'!$G$38/'Course Info'!$G$40)+(N19*'Course Info'!$G$39/'Course Info'!$G$40) -> #DIV/0! | U19: =(C19*'Course Info'!$H$28/'Course Info'!$H$40)+(D19*'Course Info'!$H$29/'Course Info'!$H$40)+(E19*'Course Info'!$H$30/'Course Info'!$H$40)+(F19*'Course Info'!$H$31/'Course Info'!$H$40)+(G19*'Course Info'!$H$32/'Course Info'!$H$40)+(H19*'Course Info'!$H$33/'Course Info'!$H$40)+(I19*'Course Info'!$H$34/'Course Info'!$H$40)+(J19*'Course Info'!$H$35/'Course Info'!$H$40)+(K19*'Course Info'!$H$36/'Course Info'!$H$40)+(L19*'Course Info'!$H$37/'Course Info'!$H$40)+(M19*'Course Info'!$H$38/'Course Info'!$H$40)++(N19*'Course Info'!$H$39/'Course Info'!$H$40) -> #DIV/0! | V19: =(C19*'Course Info'!$I$28/'Course Info'!$I$40)+(D19*'Course Info'!$I$29/'Course Info'!$I$40)+(E19*'Course Info'!$I$30/'Course Info'!$I$40)+(F19*'Course Info'!$I$31/'Course Info'!$I$40)+(G19*'Course Info'!$I$32/'Course Info'!$I$40)+(H19*'Course Info'!$I$33/'Course Info'!$I$40)+(I19*'Course Info'!$I$34/'Course Info'!$I$40)+(J19*'Course Info'!$I$35/'Course Info'!$I$40)+(K19*'Course Info'!$I$36/'Course Info'!$I$40)+(L19*'Course Info'!$I$37/'Course Info'!$I$40)+(M19*'Course Info'!$I$38/'Course Info'!$I$40)+(N19*'Course Info'!$I$39/'Course Info'!$I$40) -> #DIV/0! | W19: =(C19*'Course Info'!$J$28/'Course Info'!$J$40)+(D19*'Course Info'!$J$29/'Course Info'!$J$40)+(E19*'Course Info'!$J$30/'Course Info'!$J$40)+(F19*'Course Info'!$J$31/'Course Info'!$J$40)+(G19*'Course Info'!$J$32/'Course Info'!$J$40)+(H19*'Course Info'!$J$33/'Course Info'!$J$40)+(I19*'Course Info'!$J$34/'Course Info'!$J$40)+(J19*'Course Info'!$J$35/'Course Info'!$J$40)+(K19*'Course Info'!$J$36/'Course Info'!$J$40)+(L19*'Course Info'!$J$37/'Course Info'!$J$40)+(M19*'Course Info'!$J$38/'Course Info'!$J$40)+(N19*'Course Info'!$J$39/'Course Info'!$J$40) -> #DIV/0! | X19: =(C19*'Course Info'!$K$28/'Course Info'!$K$40)+(D19*'Course Info'!$K$29/'Course Info'!$K$40)+(E19*'Course Info'!$K$30/'Course Info'!$K$40)+(F19*'Course Info'!$K$31/'Course Info'!$K$40)+(G19*'Course Info'!$K$32/'Course Info'!$K$40)+(H19*'Course Info'!$K$33/'Course Info'!$K$40)+(I19*'Course Info'!$K$34/'Course Info'!$K$40)+(J19*'Course Info'!$K$35/'Course Info'!$K$40)+(K19*'Course Info'!$K$36/'Course Info'!$K$40)+(L19*'Course Info'!$K$37/'Course Info'!$K$40)+(M19*'Course Info'!$K$38/'Course Info'!$K$40)+(N19*'Course Info'!$K$39/'Course Info'!$K$40) -> 70 | Y19: =(C19*'Course Info'!$L$28/'Course Info'!$L$40)+(D19*'Course Info'!$L$29/'Course Info'!$L$40)+(E19*'Course Info'!$L$30/'Course Info'!$L$40)+(F19*'Course Info'!$L$31/'Course Info'!$L$40)+(G19*'Course Info'!$L$32/'Course Info'!$L$40)+(H19*'Course Info'!$L$33/'Course Info'!$L$40)+(I19*'Course Info'!$L$34/'Course Info'!$L$40)+(J19*'Course Info'!$L$35/'Course Info'!$L$40)+(K19*'Course Info'!$L$36/'Course Info'!$L$40)+(L19*'Course Info'!$L$37/'Course Info'!$L$40)+(M19*'Course Info'!$L$38/'Course Info'!$L$40)+(N19*'Course Info'!$L$39/'Course Info'!$L$40) -> #DIV/0! | Z19: =(C19*'Course Info'!$M$28/'Course Info'!$M$40)+(D19*'Course Info'!$M$29/'Course Info'!$M$40)+(E19*'Course Info'!$M$30/'Course Info'!$M$40)+(F19*'Course Info'!$M$31/'Course Info'!$M$40)+(G19*'Course Info'!$M$32/'Course Info'!$M$40)+(H19*'Course Info'!$M$33/'Course Info'!$M$40)+(I19*'Course Info'!$M$34/'Course Info'!$M$40)+(J19*'Course Info'!$M$35/'Course Info'!$M$40)+(K19*'Course Info'!$M$36/'Course Info'!$M$40)+(L19*'Course Info'!$M$37/'Course Info'!$M$40)+(M19*'Course Info'!$M$38/'Course Info'!$M$40)+(N19*'Course Info'!$M$39/'Course Info'!$M$40) -> #DIV/0! | AA19: =(C19*'Course Info'!$N$28/'Course Info'!$N$40)+(D19*'Course Info'!$N$29/'Course Info'!$N$40)+(E19*'Course Info'!$N$30/'Course Info'!$N$40)+(F19*'Course Info'!$N$31/'Course Info'!$N$40)+(G19*'Course Info'!$N$32/'Course Info'!$N$40)+(H19*'Course Info'!$N$33/'Course Info'!$N$40)+(I19*'Course Info'!$N$34/'Course Info'!$N$40)+(J19*'Course Info'!$N$35/'Course Info'!$N$40)+(K19*'Course Info'!$N$36/'Course Info'!$N$40)+(L19*'Course Info'!$N$37/'Course Info'!$N$40)+(M19*'Course Info'!$N$38/'Course Info'!$N$40)+(N19*'Course Info'!$N$39/'Course Info'!$N$40) -> #DIV/0!
A20: 2 | B20: =Marks!B29 -> 1119003 | C20: =IF(Marks!$BC$6=0,0,(((Marks!E29/IF(Marks!$E$23=0,0.00000001,Marks!$E$23)))*(Marks!$E$6/Marks!$BC$6)+((Marks!F29/IF(Marks!$F$23=0,0.00000001,Marks!$F$23)))*(Marks!$F$6/Marks!$BC$6)+((Marks!G29/IF(Marks!$G$23=0,0.00000001,Marks!$G$23)))*(Marks!$G$6/Marks!$BC$6)+((Marks!H29/IF(Marks!$H$23=0,0.00000001,Marks!$H$23)))*(Marks!$H$6/Marks!$BC$6)+((Marks!I29/IF(Marks!$I$23=0,0.00000001,Marks!$I$23)))*(Marks!$I$6/Marks!$BC$6)+((Marks!J29/IF(Marks!$J$23=0,0.00000001,Marks!$J$23)))*(Marks!$J$6/Marks!$BC$6)+((Marks!K29/IF(Marks!$K$23=0,0.00000001,Marks!$K$23)))*(Marks!$K$6/Marks!$BC$6)+((Marks!L29/IF(Marks!$L$23=0,0.00000001,Marks!$L$23)))*(Marks!$L$6/Marks!$BC$6)+((Marks!M29/IF(Marks!$M$23=0,0.00000001,Marks!$M$23)))*(Marks!$M$6/Marks!$BC$6)+((Marks!N29/IF(Marks!$N$23=0,0.00000001,Marks!$N$23)))*(Marks!$N$6/Marks!$BC$6)+((Marks!O29/IF(Marks!$O$23=0,0.00000001,Marks!$O$23)))*(Marks!$O$6/Marks!$BC$6)+((Marks!P29/IF(Marks!$P$23=0,0.0000001,Marks!$P$23)))*(Marks!$P$6/Marks!$BC$6)+((Marks!Q29/IF(Marks!$Q$23=0,0.0000001,Marks!$Q$23)))*(Marks!$Q$6/Marks!$BC$6)+((Marks!R29/IF(Marks!$R$23=0,0.00000001,Marks!$R$23)))*(Marks!$R$6/Marks!$BC$6)+((Marks!S29/IF(Marks!$S$23=0,0.00000001,Marks!$S$23)))*(Marks!$S$6/Marks!$BC$6)+((Marks!T29/IF(Marks!$T$23=0,0.00000001,Marks!$T$23)))*(Marks!$T$6/Marks!$BC$6)+((Marks!U29/IF(Marks!$U$23=0,0.00000001,Marks!$U$23)))*(Marks!$U$6/Marks!$BC$6)+((Marks!V29/IF(Marks!$V$23=0,0.00000001,Marks!$V$23)))*(Marks!$V$6/Marks!$BC$6)+((Marks!W29/IF(Marks!$W$23=0,0.00000001,Marks!$W$23)))*(Marks!$W$6/Marks!$BC$6)+((Marks!X29/IF(Marks!$X$23=0,0.00000001,Marks!$X$23)))*(Marks!$X$6/Marks!$BC$6)+((Marks!Y29/IF(Marks!$Y$23=0,0.00000001,Marks!$Y$23)))*(Marks!$Y$6/Marks!$BC$6)+((Marks!Z29/IF(Marks!$Z$23=0,0.00000001,Marks!$Z$23)))*(Marks!$Z$6/Marks!$BC$6)+((Marks!AA29/IF(Marks!$AA$23=0,0.00000001,Marks!$AA$23)))*(Marks!$AA$6/Marks!$BC$6)+((Marks!AB29/IF(Marks!$AB$23=0,0.00000001,Marks!$AB$23)))*(Marks!$AB$6/Marks!$BC$6)+((Marks!AC29/IF(Marks!$AC$23=0,0.00000001,Marks!$AC$23)))*(Marks!$AC$6/Marks!$BC$6)+((Marks!AD29/IF(Marks!$AD$23=0,0.00000001,Marks!$AD$23)))*(Marks!$AD$6/Marks!$BC$6)+((Marks!AE29/IF(Marks!$AE$23=0,0.00000001,Marks!$AE$23)))*(Marks!$AE$6/Marks!$BC$6)+((Marks!AF29/IF(Marks!$AF$23=0,0.00000001,Marks!$AF$23)))*(Marks!$AF$6/Marks!$BC$6)+((Marks!AG29/IF(Marks!$AG$23=0,0.00000001,Marks!$AG$23)))*(Marks!$AG$6/Marks!$BC$6)+((Marks!AH29/IF(Marks!$AH$23=0,0.00000001,Marks!$AH$23)))*(Marks!$AH$6/Marks!$BC$6)+((Marks!AI29/IF(Marks!$AI$23=0,0.00000001,Marks!$AI$23)))*(Marks!$AI$6/Marks!$BC$6)+((Marks!AJ29/IF(Marks!$AJ$23=0,0.00000001,Marks!$AJ$23)))*(Marks!$AJ$6/Marks!$BC$6)+((Marks!AK29/IF(Marks!$AK$23=0,0.00000001,Marks!$AK$23)))*(Marks!$AK$6/Marks!$BC$6)+((Marks!AL29/IF(Marks!$AL$23=0,0.00000001,Marks!$AL$23)))*(Marks!$AL$6/Marks!$BC$6)+((Marks!AM29/IF(Marks!$AM$23=0,0.00000001,Marks!$AM$23)))*(Marks!$AM$6/Marks!$BC$6)+((Marks!AN29/IF(Marks!$AN$23=0,0.00000001,Marks!$AN$23)))*(Marks!$AN$6/Marks!$BC$6)+((Marks!AO29/IF(Marks!$AO$23=0,0.00000001,Marks!$AO$23)))*(Marks!$AO$6/Marks!$BC$6)+((Marks!AP29/IF(Marks!$AP$23=0,0.00000001,Marks!$AP$23)))*(Marks!$AP$6/Marks!$BC$6)+((Marks!AQ29/IF(Marks!$AQ$23=0,0.00000001,Marks!$AQ$23)))*(Marks!$AQ$6/Marks!$BC$6)+((Marks!AR29/IF(Marks!$AR$23=0,0.00000001,Marks!$AR$23)))*(Marks!$AR$6/Marks!$BC$6)+((Marks!AS29/IF(Marks!$AS$23=0,0.00000001,Marks!$AS$23)))*(Marks!$AS$6/Marks!$BC$6)+((Marks!AT29/IF(Marks!$AT$23=0,0.00000001,Marks!$AT$23)))*(Marks!$AT$6/Marks!$BC$6)+((Marks!AU29/IF(Marks!$AU$23=0,0.00000001,Marks!$AU$23)))*(Marks!$AU$6/Marks!$BC$6)+((Marks!AV29/IF(Marks!$AV$23=0,0.00000001,Marks!$AV$23)))*(Marks!$AV$6/Marks!$BC$6)+((Marks!AW29/IF(Marks!$AW$23=0,0.00000001,Marks!$AW$23)))*(Marks!$AW$6/Marks!$BC$6)+((Marks!AX29/IF(Marks!$AX$23=0,0.00000001,Marks!$AX$23)))*(Marks!$AX$6/Marks!$BC$6)+((Marks!AY29/IF(Marks!$AY$23=0,0.00000001,Marks!$AY$23)))*(Marks!$AY$6/Marks!$BC$6)+((Marks!AZ29/IF(Marks!$AZ$23=0,0.00000001,Marks!$AZ$23)))*(Marks!$AZ$6/Marks!$BC$6)+((Marks!BA29/IF(Marks!$BA$23=0,0.00000001,Marks!$BA$23)))*(Marks!$BA$6/Marks!$BC$6)+((Marks!BB29/IF(Marks!$BB$23=0,0.00000001,Marks!$BB$23)))*(Marks!$BB$6/Marks!$BC$6))*100) -> 61.428571 | D20: =IF(Marks!$BC$7=0,0,(((Marks!E29/IF(Marks!$E$23=0,0.00000001,Marks!$E$23)))*(Marks!$E$7/Marks!$BC$7)+((Marks!F29/IF(Marks!$F$23=0,0.00000001,Marks!$F$23)))*(Marks!$F$7/Marks!$BC$7)+((Marks!G29/IF(Marks!$G$23=0,0.00000001,Marks!$G$23)))*(Marks!$G$7/Marks!$BC$7)+((Marks!H29/IF(Marks!$H$23=0,0.00000001,Marks!$H$23)))*(Marks!$H$7/Marks!$BC$7)+((Marks!I29/IF(Marks!$I$23=0,0.00000001,Marks!$I$23)))*(Marks!$I$7/Marks!$BC$7)+((Marks!J29/IF(Marks!$J$23=0,0.00000001,Marks!$J$23)))*(Marks!$J$7/Marks!$BC$7)+((Marks!K29/IF(Marks!$K$23=0,0.00000001,Marks!$K$23)))*(Marks!$K$7/Marks!$BC$7)+((Marks!L29/IF(Marks!$L$23=0,0.00000001,Marks!$L$23)))*(Marks!$L$7/Marks!$BC$7)+((Marks!M29/IF(Marks!$M$23=0,0.00000001,Marks!$M$23)))*(Marks!$M$7/Marks!$BC$7)+((Marks!N29/IF(Marks!$N$23=0,0.00000001,Marks!$N$23)))*(Marks!$N$7/Marks!$BC$7)+((Marks!O29/IF(Marks!$O$23=0,0.00000001,Marks!$O$23)))*(Marks!$O$7/Marks!$BC$7)+((Marks!P29/IF(Marks!$P$23=0,0.0000001,Marks!$P$23)))*(Marks!$P$7/Marks!$BC$7)+((Marks!Q29/IF(Marks!$Q$23=0,0.0000001,Marks!$Q$23)))*(Marks!$Q$7/Marks!$BC$7)+((Marks!R29/IF(Marks!$R$23=0,0.00000001,Marks!$R$23)))*(Marks!$R$7/Marks!$BC$7)+((Marks!S29/IF(Marks!$S$23=0,0.00000001,Marks!$S$23)))*(Marks!$S$7/Marks!$BC$7)+((Marks!T29/IF(Marks!$T$23=0,0.00000001,Marks!$T$23)))*(Marks!$T$7/Marks!$BC$7)+((Marks!U29/IF(Marks!$U$23=0,0.00000001,Marks!$U$23)))*(Marks!$U$7/Marks!$BC$7)+((Marks!V29/IF(Marks!$V$23=0,0.00000001,Marks!$V$23)))*(Marks!$V$7/Marks!$BC$7)+((Marks!W29/IF(Marks!$W$23=0,0.00000001,Marks!$W$23)))*(Marks!$W$7/Marks!$BC$7)+((Marks!X29/IF(Marks!$X$23=0,0.00000001,Marks!$X$23)))*(Marks!$X$7/Marks!$BC$7)+((Marks!Y29/IF(Marks!$Y$23=0,0.00000001,Marks!$Y$23)))*(Marks!$Y$7/Marks!$BC$7)+((Marks!Z29/IF(Marks!$Z$23=0,0.00000001,Marks!$Z$23)))*(Marks!$Z$7/Marks!$BC$7)+((Marks!AA29/IF(Marks!$AA$23=0,0.00000001,Marks!$AA$23)))*(Marks!$AA$7/Marks!$BC$7)+((Marks!AB29/IF(Marks!$AB$23=0,0.00000001,Marks!$AB$23)))*(Marks!$AB$7/Marks!$BC$7)+((Marks!AC29/IF(Marks!$AC$23=0,0.00000001,Marks!$AC$23)))*(Marks!$AC$7/Marks!$BC$7)+((Marks!AD29/IF(Marks!$AD$23=0,0.00000001,Marks!$AD$23)))*(Marks!$AD$7/Marks!$BC$7)+((Marks!AE29/IF(Marks!$AE$23=0,0.00000001,Marks!$AE$23)))*(Marks!$AE$7/Marks!$BC$7)+((Marks!AF29/IF(Marks!$AF$23=0,0.00000001,Marks!$AF$23)))*(Marks!$AF$7/Marks!$BC$7)+((Marks!AG29/IF(Marks!$AG$23=0,0.00000001,Marks!$AG$23)))*(Marks!$AG$7/Marks!$BC$7)+((Marks!AH29/IF(Marks!$AH$23=0,0.00000001,Marks!$AH$23)))*(Marks!$AH$7/Marks!$BC$7)+((Marks!AI29/IF(Marks!$AI$23=0,0.00000001,Marks!$AI$23)))*(Marks!$AI$7/Marks!$BC$7)+((Marks!AJ29/IF(Marks!$AJ$23=0,0.00000001,Marks!$AJ$23)))*(Marks!$AJ$7/Marks!$BC$7)+((Marks!AK29/IF(Marks!$AK$23=0,0.00000001,Marks!$AK$23)))*(Marks!$AK$7/Marks!$BC$7)+((Marks!AL29/IF(Marks!$AL$23=0,0.00000001,Marks!$AL$23)))*(Marks!$AL$7/Marks!$BC$7)+((Marks!AM29/IF(Marks!$AM$23=0,0.00000001,Marks!$AM$23)))*(Marks!$AM$7/Marks!$BC$7)+((Marks!AN29/IF(Marks!$AN$23=0,0.00000001,Marks!$AN$23)))*(Marks!$AN$7/Marks!$BC$7)+((Marks!AO29/IF(Marks!$AO$23=0,0.00000001,Marks!$AO$23)))*(Marks!$AO$7/Marks!$BC$7)+((Marks!AP29/IF(Marks!$AP$23=0,0.00000001,Marks!$AP$23)))*(Marks!$AP$7/Marks!$BC$7)+((Marks!AQ29/IF(Marks!$AQ$23=0,0.00000001,Marks!$AQ$23)))*(Marks!$AQ$7/Marks!$BC$7)+((Marks!AR29/IF(Marks!$AR$23=0,0.00000001,Marks!$AR$23)))*(Marks!$AR$7/Marks!$BC$7)+((Marks!AS29/IF(Marks!$AS$23=0,0.00000001,Marks!$AS$23)))*(Marks!$AS$7/Marks!$BC$7)+((Marks!AT29/IF(Marks!$AT$23=0,0.00000001,Marks!$AT$23)))*(Marks!$AT$7/Marks!$BC$7)+((Marks!AU29/IF(Marks!$AU$23=0,0.00000001,Marks!$AU$23)))*(Marks!$AU$7/Marks!$BC$7)+((Marks!AV29/IF(Marks!$AV$23=0,0.00000001,Marks!$AV$23)))*(Marks!$AV$7/Marks!$BC$7)+((Marks!AW29/IF(Marks!$AW$23=0,0.00000001,Marks!$AW$23)))*(Marks!$AW$7/Marks!$BC$7)+((Marks!AX29/IF(Marks!$AX$23=0,0.00000001,Marks!$AX$23)))*(Marks!$AX$7/Marks!$BC$7)+((Marks!AY29/IF(Marks!$AY$23=0,0.00000001,Marks!$AY$23)))*(Marks!$AY$7/Marks!$BC$7)+((Marks!AZ29/IF(Marks!$AZ$23=0,0.00000001,Marks!$AZ$23)))*(Marks!$AZ$7/Marks!$BC$7)+((Marks!BA29/IF(Marks!$BA$23=0,0.00000001,Marks!$BA$23)))*(Marks!$BA$7/Marks!$BC$7)+((Marks!BB29/IF(Marks!$BB$23=0,0.00000001,Marks!$BB$23)))*(Marks!$BB$7/Marks!$BC$7))*100) -> 52 | E20: =IF(Marks!$BC$8=0,0,(((Marks!E29/IF(Marks!$E$23=0,0.00000001,Marks!$E$23)))*(Marks!$E$8/Marks!$BC$8)+((Marks!F29/IF(Marks!$F$23=0,0.00000001,Marks!$F$23)))*(Marks!$F$8/Marks!$BC$8)+((Marks!G29/IF(Marks!$G$23=0,0.00000001,Marks!$G$23)))*(Marks!$G$8/Marks!$BC$8)+((Marks!H29/IF(Marks!$H$23=0,0.00000001,Marks!$H$23)))*(Marks!$H$8/Marks!$BC$8)+((Marks!I29/IF(Marks!$I$23=0,0.00000001,Marks!$I$23)))*(Marks!$I$8/Marks!$BC$8)+((Marks!J29/IF(Marks!$J$23=0,0.00000001,Marks!$J$23)))*(Marks!$J$8/Marks!$BC$8)+((Marks!K29/IF(Marks!$K$23=0,0.00000001,Marks!$K$23)))*(Marks!$K$8/Marks!$BC$8)+((Marks!L29/IF(Marks!$L$23=0,0.00000001,Marks!$L$23)))*(Marks!$L$8/Marks!$BC$8)+((Marks!M29/IF(Marks!$M$23=0,0.00000001,Marks!$M$23)))*(Marks!$M$8/Marks!$BC$8)+((Marks!N29/IF(Marks!$N$23=0,0.00000001,Marks!$N$23)))*(Marks!$N$8/Marks!$BC$8)+((Marks!O29/IF(Marks!$O$23=0,0.00000001,Marks!$O$23)))*(Marks!$O$8/Marks!$BC$8)+((Marks!P29/IF(Marks!$P$23=0,0.0000001,Marks!$P$23)))*(Marks!$P$8/Marks!$BC$8)+((Marks!Q29/IF(Marks!$Q$23=0,0.0000001,Marks!$Q$23)))*(Marks!$Q$8/Marks!$BC$8)+((Marks!R29/IF(Marks!$R$23=0,0.00000001,Marks!$R$23)))*(Marks!$R$8/Marks!$BC$8)+((Marks!S29/IF(Marks!$S$23=0,0.00000001,Marks!$S$23)))*(Marks!$S$8/Marks!$BC$8)+((Marks!T29/IF(Marks!$T$23=0,0.00000001,Marks!$T$23)))*(Marks!$T$8/Marks!$BC$8)+((Marks!U29/IF(Marks!$U$23=0,0.00000001,Marks!$U$23)))*(Marks!$U$8/Marks!$BC$8)+((Marks!V29/IF(Marks!$V$23=0,0.00000001,Marks!$V$23)))*(Marks!$V$8/Marks!$BC$8)+((Marks!W29/IF(Marks!$W$23=0,0.00000001,Marks!$W$23)))*(Marks!$W$8/Marks!$BC$8)+((Marks!X29/IF(Marks!$X$23=0,0.00000001,Marks!$X$23)))*(Marks!$X$8/Marks!$BC$8)+((Marks!Y29/IF(Marks!$Y$23=0,0.00000001,Marks!$Y$23)))*(Marks!$Y$8/Marks!$BC$8)+((Marks!Z29/IF(Marks!$Z$23=0,0.00000001,Marks!$Z$23)))*(Marks!$Z$8/Marks!$BC$8)+((Marks!AA29/IF(Marks!$AA$23=0,0.00000001,Marks!$AA$23)))*(Marks!$AA$8/Marks!$BC$8)+((Marks!AB29/IF(Marks!$AB$23=0,0.00000001,Marks!$AB$23)))*(Marks!$AB$8/Marks!$BC$8)+((Marks!AC29/IF(Marks!$AC$23=0,0.00000001,Marks!$AC$23)))*(Marks!$AC$8/Marks!$BC$8)+((Marks!AD29/IF(Marks!$AD$23=0,0.00000001,Marks!$AD$23)))*(Marks!$AD$8/Marks!$BC$8)+((Marks!AE29/IF(Marks!$AE$23=0,0.00000001,Marks!$AE$23)))*(Marks!$AE$8/Marks!$BC$8)+((Marks!AF29/IF(Marks!$AF$23=0,0.00000001,Marks!$AF$23)))*(Marks!$AF$8/Marks!$BC$8)+((Marks!AG29/IF(Marks!$AG$23=0,0.00000001,Marks!$AG$23)))*(Marks!$AG$8/Marks!$BC$8)+((Marks!AH29/IF(Marks!$AH$23=0,0.00000001,Marks!$AH$23)))*(Marks!$AH$8/Marks!$BC$8)+((Marks!AI29/IF(Marks!$AI$23=0,0.00000001,Marks!$AI$23)))*(Marks!$AI$8/Marks!$BC$8)+((Marks!AJ29/IF(Marks!$AJ$23=0,0.00000001,Marks!$AJ$23)))*(Marks!$AJ$8/Marks!$BC$8)+((Marks!AK29/IF(Marks!$AK$23=0,0.00000001,Marks!$AK$23)))*(Marks!$AK$8/Marks!$BC$8)+((Marks!AL29/IF(Marks!$AL$23=0,0.00000001,Marks!$AL$23)))*(Marks!$AL$8/Marks!$BC$8)+((Marks!AM29/IF(Marks!$AM$23=0,0.00000001,Marks!$AM$23)))*(Marks!$AM$8/Marks!$BC$8)+((Marks!AN29/IF(Marks!$AN$23=0,0.00000001,Marks!$AN$23)))*(Marks!$AN$8/Marks!$BC$8)+((Marks!AO29/IF(Marks!$AO$23=0,0.00000001,Marks!$AO$23)))*(Marks!$AO$8/Marks!$BC$8)+((Marks!AP29/IF(Marks!$AP$23=0,0.00000001,Marks!$AP$23)))*(Marks!$AP$8/Marks!$BC$8)+((Marks!AQ29/IF(Marks!$AQ$23=0,0.00000001,Marks!$AQ$23)))*(Marks!$AQ$8/Marks!$BC$8)+((Marks!AR29/IF(Marks!$AR$23=0,0.00000001,Marks!$AR$23)))*(Marks!$AR$8/Marks!$BC$8)+((Marks!AS29/IF(Marks!$AS$23=0,0.00000001,Marks!$AS$23)))*(Marks!$AS$8/Marks!$BC$8)+((Marks!AT29/IF(Marks!$AT$23=0,0.00000001,Marks!$AT$23)))*(Marks!$AT$8/Marks!$BC$8)+((Marks!AU29/IF(Marks!$AU$23=0,0.00000001,Marks!$AU$23)))*(Marks!$AU$8/Marks!$BC$8)+((Marks!AV29/IF(Marks!$AV$23=0,0.00000001,Marks!$AV$23)))*(Marks!$AV$8/Marks!$BC$8)+((Marks!AW29/IF(Marks!$AW$23=0,0.00000001,Marks!$AW$23)))*(Marks!$AW$8/Marks!$BC$8)+((Marks!AX29/IF(Marks!$AX$23=0,0.00000001,Marks!$AX$23)))*(Marks!$AX$8/Marks!$BC$8)+((Marks!AY29/IF(Marks!$AY$23=0,0.00000001,Marks!$AY$23)))*(Marks!$AY$8/Marks!$BC$8)+((Marks!AZ29/IF(Marks!$AZ$23=0,0.00000001,Marks!$AZ$23)))*(Marks!$AZ$8/Marks!$BC$8)+((Marks!BA29/IF(Marks!$BA$23=0,0.00000001,Marks!$BA$23)))*(Marks!$BA$8/Marks!$BC$8)+((Marks!BB29/IF(Marks!$BB$23=0,0.00000001,Marks!$BB$23)))*(Marks!$BB$8/Marks!$BC$8))*100) -> 80 | F20: =IF(Marks!$BC$9=0,0,(((Marks!E29/IF(Marks!$E$23=0,0.00000001,Marks!$E$23)))*(Marks!$E$9/Marks!$BC$9)+((Marks!F29/IF(Marks!$F$23=0,0.00000001,Marks!$F$23)))*(Marks!$F$9/Marks!$BC$9)+((Marks!G29/IF(Marks!$G$23=0,0.00000001,Marks!$G$23)))*(Marks!$G$9/Marks!$BC$9)+((Marks!H29/IF(Marks!$H$23=0,0.00000001,Marks!$H$23)))*(Marks!$H$9/Marks!$BC$9)+((Marks!I29/IF(Marks!$I$23=0,0.00000001,Marks!$I$23)))*(Marks!$I$9/Marks!$BC$9)+((Marks!J29/IF(Marks!$J$23=0,0.00000001,Marks!$J$23)))*(Marks!$J$9/Marks!$BC$9)+((Marks!K29/IF(Marks!$K$23=0,0.00000001,Marks!$K$23)))*(Marks!$K$9/Marks!$BC$9)+((Marks!L29/IF(Marks!$L$23=0,0.00000001,Marks!$L$23)))*(Marks!$L$9/Marks!$BC$9)+((Marks!M29/IF(Marks!$M$23=0,0.00000001,Marks!$M$23)))*(Marks!$M$9/Marks!$BC$9)+((Marks!N29/IF(Marks!$N$23=0,0.00000001,Marks!$N$23)))*(Marks!$N$9/Marks!$BC$9)+((Marks!O29/IF(Marks!$O$23=0,0.00000001,Marks!$O$23)))*(Marks!$O$9/Marks!$BC$9)+((Marks!P29/IF(Marks!$P$23=0,0.0000001,Marks!$P$23)))*(Marks!$P$9/Marks!$BC$9)+((Marks!Q29/IF(Marks!$Q$23=0,0.0000001,Marks!$Q$23)))*(Marks!$Q$9/Marks!$BC$9)+((Marks!R29/IF(Marks!$R$23=0,0.00000001,Marks!$R$23)))*(Marks!$R$9/Marks!$BC$9)+((Marks!S29/IF(Marks!$S$23=0,0.00000001,Marks!$S$23)))*(Marks!$S$9/Marks!$BC$9)+((Marks!T29/IF(Marks!$T$23=0,0.00000001,Marks!$T$23)))*(Marks!$T$9/Marks!$BC$9)+((Marks!U29/IF(Marks!$U$23=0,0.00000001,Marks!$U$23)))*(Marks!$U$9/Marks!$BC$9)+((Marks!V29/IF(Marks!$V$23=0,0.00000001,Marks!$V$23)))*(Marks!$V$9/Marks!$BC$9)+((Marks!W29/IF(Marks!$W$23=0,0.00000001,Marks!$W$23)))*(Marks!$W$9/Marks!$BC$9)+((Marks!X29/IF(Marks!$X$23=0,0.00000001,Marks!$X$23)))*(Marks!$X$9/Marks!$BC$9)+((Marks!Y29/IF(Marks!$Y$23=0,0.00000001,Marks!$Y$23)))*(Marks!$Y$9/Marks!$BC$9)+((Marks!Z29/IF(Marks!$Z$23=0,0.00000001,Marks!$Z$23)))*(Marks!$Z$9/Marks!$BC$9)+((Marks!AA29/IF(Marks!$AA$23=0,0.00000001,Marks!$AA$23)))*(Marks!$AA$9/Marks!$BC$9)+((Marks!AB29/IF(Marks!$AB$23=0,0.00000001,Marks!$AB$23)))*(Marks!$AB$9/Marks!$BC$9)+((Marks!AC29/IF(Marks!$AC$23=0,0.00000001,Marks!$AC$23)))*(Marks!$AC$9/Marks!$BC$9)+((Marks!AD29/IF(Marks!$AD$23=0,0.00000001,Marks!$AD$23)))*(Marks!$AD$9/Marks!$BC$9)+((Marks!AE29/IF(Marks!$AE$23=0,0.00000001,Marks!$AE$23)))*(Marks!$AE$9/Marks!$BC$9)+((Marks!AF29/IF(Marks!$AF$23=0,0.00000001,Marks!$AF$23)))*(Marks!$AF$9/Marks!$BC$9)+((Marks!AG29/IF(Marks!$AG$23=0,0.00000001,Marks!$AG$23)))*(Marks!$AG$9/Marks!$BC$9)+((Marks!AH29/IF(Marks!$AH$23=0,0.00000001,Marks!$AH$23)))*(Marks!$AH$9/Marks!$BC$9)+((Marks!AI29/IF(Marks!$AI$23=0,0.00000001,Marks!$AI$23)))*(Marks!$AI$9/Marks!$BC$9)+((Marks!AJ29/IF(Marks!$AJ$23=0,0.00000001,Marks!$AJ$23)))*(Marks!$AJ$9/Marks!$BC$9)+((Marks!AK29/IF(Marks!$AK$23=0,0.00000001,Marks!$AK$23)))*(Marks!$AK$9/Marks!$BC$9)+((Marks!AL29/IF(Marks!$AL$23=0,0.00000001,Marks!$AL$23)))*(Marks!$AL$9/Marks!$BC$9)+((Marks!AM29/IF(Marks!$AM$23=0,0.00000001,Marks!$AM$23)))*(Marks!$AM$9/Marks!$BC$9)+((Marks!AN29/IF(Marks!$AN$23=0,0.00000001,Marks!$AN$23)))*(Marks!$AN$9/Marks!$BC$9)+((Marks!AO29/IF(Marks!$AO$23=0,0.00000001,Marks!$AO$23)))*(Marks!$AO$9/Marks!$BC$9)+((Marks!AP29/IF(Marks!$AP$23=0,0.00000001,Marks!$AP$23)))*(Marks!$AP$9/Marks!$BC$9)+((Marks!AQ29/IF(Marks!$AQ$23=0,0.00000001,Marks!$AQ$23)))*(Marks!$AQ$9/Marks!$BC$9)+((Marks!AR29/IF(Marks!$AR$23=0,0.00000001,Marks!$AR$23)))*(Marks!$AR$9/Marks!$BC$9)+((Marks!AS29/IF(Marks!$AS$23=0,0.00000001,Marks!$AS$23)))*(Marks!$AS$9/Marks!$BC$9)+((Marks!AT29/IF(Marks!$AT$23=0,0.00000001,Marks!$AT$23)))*(Marks!$AT$9/Marks!$BC$9)+((Marks!AU29/IF(Marks!$AU$23=0,0.00000001,Marks!$AU$23)))*(Marks!$AU$9/Marks!$BC$9)+((Marks!AV29/IF(Marks!$AV$23=0,0.00000001,Marks!$AV$23)))*(Marks!$AV$9/Marks!$BC$9)+((Marks!AW29/IF(Marks!$AW$23=0,0.00000001,Marks!$AW$23)))*(Marks!$AW$9/Marks!$BC$9)+((Marks!AX29/IF(Marks!$AX$23=0,0.00000001,Marks!$AX$23)))*(Marks!$AX$9/Marks!$BC$9)+((Marks!AY29/IF(Marks!$AY$23=0,0.00000001,Marks!$AY$23)))*(Marks!$AY$9/Marks!$BC$9)+((Marks!AZ29/IF(Marks!$AZ$23=0,0.00000001,Marks!$AZ$23)))*(Marks!$AZ$9/Marks!$BC$9)+((Marks!BA29/IF(Marks!$BA$23=0,0.00000001,Marks!$BA$23)))*(Marks!$BA$9/Marks!$BC$9)+((Marks!BB29/IF(Marks!$BB$23=0,0.00000001,Marks!$BB$23)))*(Marks!$BB$9/Marks!$BC$9))*100) -> 61.666667 | G20: =IF(Marks!$BC$10=0,0,(((Marks!E29/IF(Marks!$E$23=0,0.00000001,Marks!$E$23)))*(Marks!$E$10/Marks!$BC$10)+((Marks!F29/IF(Marks!$F$23=0,0.00000001,Marks!$F$23)))*(Marks!$F$10/Marks!$BC$10)+((Marks!G29/IF(Marks!$G$23=0,0.00000001,Marks!$G$23)))*(Marks!$G$10/Marks!$BC$10)+((Marks!H29/IF(Marks!$H$23=0,0.00000001,Marks!$H$23)))*(Marks!$H$10/Marks!$BC$10)+((Marks!I29/IF(Marks!$I$23=0,0.00000001,Marks!$I$23)))*(Marks!$I$10/Marks!$BC$10)+((Marks!J29/IF(Marks!$J$23=0,0.00000001,Marks!$J$23)))*(Marks!$J$10/Marks!$BC$10)+((Marks!K29/IF(Marks!$K$23=0,0.00000001,Marks!$K$23)))*(Marks!$K$10/Marks!$BC$10)+((Marks!L29/IF(Marks!$L$23=0,0.00000001,Marks!$L$23)))*(Marks!$L$10/Marks!$BC$10)+((Marks!M29/IF(Marks!$M$23=0,0.00000001,Marks!$M$23)))*(Marks!$M$10/Marks!$BC$10)+((Marks!N29/IF(Marks!$N$23=0,0.00000001,Marks!$N$23)))*(Marks!$N$10/Marks!$BC$10)+((Marks!O29/IF(Marks!$O$23=0,0.00000001,Marks!$O$23)))*(Marks!$O$10/Marks!$BC$10)+((Marks!P29/IF(Marks!$P$23=0,0.0000001,Marks!$P$23)))*(Marks!$P$10/Marks!$BC$10)+((Marks!Q29/IF(Marks!$Q$23=0,0.0000001,Marks!$Q$23)))*(Marks!$Q$10/Marks!$BC$10)+((Marks!R29/IF(Marks!$R$23=0,0.00000001,Marks!$R$23)))*(Marks!$R$10/Marks!$BC$10)+((Marks!S29/IF(Marks!$S$23=0,0.00000001,Marks!$S$23)))*(Marks!$S$10/Marks!$BC$10)+((Marks!T29/IF(Marks!$T$23=0,0.00000001,Marks!$T$23)))*(Marks!$T$10/Marks!$BC$10)+((Marks!U29/IF(Marks!$U$23=0,0.00000001,Marks!$U$23)))*(Marks!$U$10/Marks!$BC$10)+((Marks!V29/IF(Marks!$V$23=0,0.00000001,Marks!$V$23)))*(Marks!$V$10/Marks!$BC$10)+((Marks!W29/IF(Marks!$W$23=0,0.00000001,Marks!$W$23)))*(Marks!$W$10/Marks!$BC$10)+((Marks!X29/IF(Marks!$X$23=0,0.00000001,Marks!$X$23)))*(Marks!$X$10/Marks!$BC$10)+((Marks!Y29/IF(Marks!$Y$23=0,0.00000001,Marks!$Y$23)))*(Marks!$Y$10/Marks!$BC$10)+((Marks!Z29/IF(Marks!$Z$23=0,0.00000001,Marks!$Z$23)))*(Marks!$Z$10/Marks!$BC$10)+((Marks!AA29/IF(Marks!$AA$23=0,0.00000001,Marks!$AA$23)))*(Marks!$AA$10/Marks!$BC$10)+((Marks!AB29/IF(Marks!$AB$23=0,0.00000001,Marks!$AB$23)))*(Marks!$AB$10/Marks!$BC$10)+((Marks!AC29/IF(Marks!$AC$23=0,0.00000001,Marks!$AC$23)))*(Marks!$AC$10/Marks!$BC$10)+((Marks!AD29/IF(Marks!$AD$23=0,0.00000001,Marks!$AD$23)))*(Marks!$AD$10/Marks!$BC$10)+((Marks!AE29/IF(Marks!$AE$23=0,0.00000001,Marks!$AE$23)))*(Marks!$AE$10/Marks!$BC$10)+((Marks!AF29/IF(Marks!$AF$23=0,0.00000001,Marks!$AF$23)))*(Marks!$AF$10/Marks!$BC$10)+((Marks!AG29/IF(Marks!$AG$23=0,0.00000001,Marks!$AG$23)))*(Marks!$AG$10/Marks!$BC$10)+((Marks!AH29/IF(Marks!$AH$23=0,0.00000001,Marks!$AH$23)))*(Marks!$AH$10/Marks!$BC$10)+((Marks!AI29/IF(Marks!$AI$23=0,0.00000001,Marks!$AI$23)))*(Marks!$AI$10/Marks!$BC$10)+((Marks!AJ29/IF(Marks!$AJ$23=0,0.00000001,Marks!$AJ$23)))*(Marks!$AJ$10/Marks!$BC$10)+((Marks!AK29/IF(Marks!$AK$23=0,0.00000001,Marks!$AK$23)))*(Marks!$AK$10/Marks!$BC$10)+((Marks!AL29/IF(Marks!$AL$23=0,0.00000001,Marks!$AL$23)))*(Marks!$AL$10/Marks!$BC$10)+((Marks!AM29/IF(Marks!$AM$23=0,0.00000001,Marks!$AM$23)))*(Marks!$AM$10/Marks!$BC$10)+((Marks!AN29/IF(Marks!$AN$23=0,0.00000001,Marks!$AN$23)))*(Marks!$AN$10/Marks!$BC$10)+((Marks!AO29/IF(Marks!$AO$23=0,0.00000001,Marks!$AO$23)))*(Marks!$AO$10/Marks!$BC$10)+((Marks!AP29/IF(Marks!$AP$23=0,0.00000001,Marks!$AP$23)))*(Marks!$AP$10/Marks!$BC$10)+((Marks!AQ29/IF(Marks!$AQ$23=0,0.00000001,Marks!$AQ$23)))*(Marks!$AQ$10/Marks!$BC$10)+((Marks!AR29/IF(Marks!$AR$23=0,0.00000001,Marks!$AR$23)))*(Marks!$AR$10/Marks!$BC$10)+((Marks!AS29/IF(Marks!$AS$23=0,0.00000001,Marks!$AS$23)))*(Marks!$AS$10/Marks!$BC$10)+((Marks!AT29/IF(Marks!$AT$23=0,0.00000001,Marks!$AT$23)))*(Marks!$AT$10/Marks!$BC$10)+((Marks!AU29/IF(Marks!$AU$23=0,0.00000001,Marks!$AU$23)))*(Marks!$AU$10/Marks!$BC$10)+((Marks!AV29/IF(Marks!$AV$23=0,0.00000001,Marks!$AV$23)))*(Marks!$AV$10/Marks!$BC$10)+((Marks!AW29/IF(Marks!$AW$23=0,0.00000001,Marks!$AW$23)))*(Marks!$AW$10/Marks!$BC$10)+((Marks!AX29/IF(Marks!$AX$23=0,0.00000001,Marks!$AX$23)))*(Marks!$AX$10/Marks!$BC$10)+((Marks!AY29/IF(Marks!$AY$23=0,0.00000001,Marks!$AY$23)))*(Marks!$AY$10/Marks!$BC$10)+((Marks!AZ29/IF(Marks!$AZ$23=0,0.00000001,Marks!$AZ$23)))*(Marks!$AZ$10/Marks!$BC$10)+((Marks!BA29/IF(Marks!$BA$23=0,0.00000001,Marks!$BA$23)))*(Marks!$BA$10/Marks!$BC$10)+((Marks!BB29/IF(Marks!$BB$23=0,0.00000001,Marks!$BB$23)))*(Marks!$BB$10/Marks!$BC$10))*100) -> 0 | H20: =IF(Marks!$BC$11=0,0,(((Marks!E29/IF(Marks!$E$23=0,0.00000001,Marks!$E$23)))*(Marks!$E$11/Marks!$BC$11)+((Marks!F29/IF(Marks!$F$23=0,0.00000001,Marks!$F$23)))*(Marks!$F$11/Marks!$BC$11)+((Marks!G29/IF(Marks!$G$23=0,0.00000001,Marks!$G$23)))*(Marks!$G$11/Marks!$BC$11)+((Marks!H29/IF(Marks!$H$23=0,0.00000001,Marks!$H$23)))*(Marks!$H$11/Marks!$BC$11)+((Marks!I29/IF(Marks!$I$23=0,0.00000001,Marks!$I$23)))*(Marks!$I$11/Marks!$BC$11)+((Marks!J29/IF(Marks!$J$23=0,0.00000001,Marks!$J$23)))*(Marks!$J$11/Marks!$BC$11)+((Marks!K29/IF(Marks!$K$23=0,0.00000001,Marks!$K$23)))*(Marks!$K$11/Marks!$BC$11)+((Marks!L29/IF(Marks!$L$23=0,0.00000001,Marks!$L$23)))*(Marks!$L$11/Marks!$BC$11)+((Marks!M29/IF(Marks!$M$23=0,0.00000001,Marks!$M$23)))*(Marks!$M$11/Marks!$BC$11)+((Marks!N29/IF(Marks!$N$23=0,0.00000001,Marks!$N$23)))*(Marks!$N$11/Marks!$BC$11)+((Marks!O29/IF(Marks!$O$23=0,0.00000001,Marks!$O$23)))*(Marks!$O$11/Marks!$BC$11)+((Marks!P29/IF(Marks!$P$23=0,0.0000001,Marks!$P$23)))*(Marks!$P$11/Marks!$BC$11)+((Marks!Q29/IF(Marks!$Q$23=0,0.0000001,Marks!$Q$23)))*(Marks!$Q$11/Marks!$BC$11)+((Marks!R29/IF(Marks!$R$23=0,0.00000001,Marks!$R$23)))*(Marks!$R$11/Marks!$BC$11)+((Marks!S29/IF(Marks!$S$23=0,0.00000001,Marks!$S$23)))*(Marks!$S$11/Marks!$BC$11)+((Marks!T29/IF(Marks!$T$23=0,0.00000001,Marks!$T$23)))*(Marks!$T$11/Marks!$BC$11)+((Marks!U29/IF(Marks!$U$23=0,0.00000001,Marks!$U$23)))*(Marks!$U$11/Marks!$BC$11)+((Marks!V29/IF(Marks!$V$23=0,0.00000001,Marks!$V$23)))*(Marks!$V$11/Marks!$BC$11)+((Marks!W29/IF(Marks!$W$23=0,0.00000001,Marks!$W$23)))*(Marks!$W$11/Marks!$BC$11)+((Marks!X29/IF(Marks!$X$23=0,0.00000001,Marks!$X$23)))*(Marks!$X$11/Marks!$BC$11)+((Marks!Y29/IF(Marks!$Y$23=0,0.00000001,Marks!$Y$23)))*(Marks!$Y$11/Marks!$BC$11)+((Marks!Z29/IF(Marks!$Z$23=0,0.00000001,Marks!$Z$23)))*(Marks!$Z$11/Marks!$BC$11)+((Marks!AA29/IF(Marks!$AA$23=0,0.00000001,Marks!$AA$23)))*(Marks!$AA$11/Marks!$BC$11)+((Marks!AB29/IF(Marks!$AB$23=0,0.00000001,Marks!$AB$23)))*(Marks!$AB$11/Marks!$BC$11)+((Marks!AC29/IF(Marks!$AC$23=0,0.00000001,Marks!$AC$23)))*(Marks!$AC$11/Marks!$BC$11)+((Marks!AD29/IF(Marks!$AD$23=0,0.00000001,Marks!$AD$23)))*(Marks!$AD$11/Marks!$BC$11)+((Marks!AE29/IF(Marks!$AE$23=0,0.00000001,Marks!$AE$23)))*(Marks!$AE$11/Marks!$BC$11)+((Marks!AF29/IF(Marks!$AF$23=0,0.00000001,Marks!$AF$23)))*(Marks!$AF$11/Marks!$BC$11)+((Marks!AG29/IF(Marks!$AG$23=0,0.00000001,Marks!$AG$23)))*(Marks!$AG$11/Marks!$BC$11)+((Marks!AH29/IF(Marks!$AH$23=0,0.00000001,Marks!$AH$23)))*(Marks!$AH$11/Marks!$BC$11)+((Marks!AI29/IF(Marks!$AI$23=0,0.00000001,Marks!$AI$23)))*(Marks!$AI$11/Marks!$BC$11)+((Marks!AJ29/IF(Marks!$AJ$23=0,0.00000001,Marks!$AJ$23)))*(Marks!$AJ$11/Marks!$BC$11)+((Marks!AK29/IF(Marks!$AK$23=0,0.00000001,Marks!$AK$23)))*(Marks!$AK$11/Marks!$BC$11)+((Marks!AL29/IF(Marks!$AL$23=0,0.00000001,Marks!$AL$23)))*(Marks!$AL$11/Marks!$BC$11)+((Marks!AM29/IF(Marks!$AM$23=0,0.00000001,Marks!$AM$23)))*(Marks!$AM$11/Marks!$BC$11)+((Marks!AN29/IF(Marks!$AN$23=0,0.00000001,Marks!$AN$23)))*(Marks!$AN$11/Marks!$BC$11)+((Marks!AO29/IF(Marks!$AO$23=0,0.00000001,Marks!$AO$23)))*(Marks!$AO$11/Marks!$BC$11)+((Marks!AP29/IF(Marks!$AP$23=0,0.00000001,Marks!$AP$23)))*(Marks!$AP$11/Marks!$BC$11)+((Marks!AQ29/IF(Marks!$AQ$23=0,0.00000001,Marks!$AQ$23)))*(Marks!$AQ$11/Marks!$BC$11)+((Marks!AR29/IF(Marks!$AR$23=0,0.00000001,Marks!$AR$23)))*(Marks!$AR$11/Marks!$BC$11)+((Marks!AS29/IF(Marks!$AS$23=0,0.00000001,Marks!$AS$23)))*(Marks!$AS$11/Marks!$BC$11)+((Marks!AT29/IF(Marks!$AT$23=0,0.00000001,Marks!$AT$23)))*(Marks!$AT$11/Marks!$BC$11)+((Marks!AU29/IF(Marks!$AU$23=0,0.00000001,Marks!$AU$23)))*(Marks!$AU$11/Marks!$BC$11)+((Marks!AV29/IF(Marks!$AV$23=0,0.00000001,Marks!$AV$23)))*(Marks!$AV$11/Marks!$BC$11)+((Marks!AW29/IF(Marks!$AW$23=0,0.00000001,Marks!$AW$23)))*(Marks!$AW$11/Marks!$BC$11)+((Marks!AX29/IF(Marks!$AX$23=0,0.00000001,Marks!$AX$23)))*(Marks!$AX$11/Marks!$BC$11)+((Marks!AY29/IF(Marks!$AY$23=0,0.00000001,Marks!$AY$23)))*(Marks!$AY$11/Marks!$BC$11)+((Marks!AZ29/IF(Marks!$AZ$23=0,0.00000001,Marks!$AZ$23)))*(Marks!$AZ$11/Marks!$BC$11)+((Marks!BA29/IF(Marks!$BA$23=0,0.00000001,Marks!$BA$23)))*(Marks!$BA$11/Marks!$BC$11)+((Marks!BB29/IF(Marks!$BB$23=0,0.00000001,Marks!$BB$23)))*(Marks!$BB$11/Marks!$BC$11))*100) -> 0 | I20: =IF(Marks!$BC$12=0,0,(((Marks!E29/IF(Marks!$E$23=0,0.00000001,Marks!$E$23)))*(Marks!$E$12/Marks!$BC$12)+((Marks!F29/IF(Marks!$F$23=0,0.00000001,Marks!$F$23)))*(Marks!$F$12/Marks!$BC$12)+((Marks!G29/IF(Marks!$G$23=0,0.00000001,Marks!$G$23)))*(Marks!$G$12/Marks!$BC$12)+((Marks!H29/IF(Marks!$H$23=0,0.00000001,Marks!$H$23)))*(Marks!$H$12/Marks!$BC$12)+((Marks!I29/IF(Marks!$I$23=0,0.00000001,Marks!$I$23)))*(Marks!$I$12/Marks!$BC$12)+((Marks!J29/IF(Marks!$J$23=0,0.00000001,Marks!$J$23)))*(Marks!$J$12/Marks!$BC$12)+((Marks!K29/IF(Marks!$K$23=0,0.00000001,Marks!$K$23)))*(Marks!$K$12/Marks!$BC$12)+((Marks!L29/IF(Marks!$L$23=0,0.00000001,Marks!$L$23)))*(Marks!$L$12/Marks!$BC$12)+((Marks!M29/IF(Marks!$M$23=0,0.00000001,Marks!$M$23)))*(Marks!$M$12/Marks!$BC$12)+((Marks!N29/IF(Marks!$N$23=0,0.00000001,Marks!$N$23)))*(Marks!$N$12/Marks!$BC$12)+((Marks!O29/IF(Marks!$O$23=0,0.00000001,Marks!$O$23)))*(Marks!$O$12/Marks!$BC$12)+((Marks!P29/IF(Marks!$P$23=0,0.0000001,Marks!$P$23)))*(Marks!$P$12/Marks!$BC$12)+((Marks!Q29/IF(Marks!$Q$23=0,0.0000001,Marks!$Q$23)))*(Marks!$Q$12/Marks!$BC$12)+((Marks!R29/IF(Marks!$R$23=0,0.00000001,Marks!$R$23)))*(Marks!$R$12/Marks!$BC$12)+((Marks!S29/IF(Marks!$S$23=0,0.00000001,Marks!$S$23)))*(Marks!$S$12/Marks!$BC$12)+((Marks!T29/IF(Marks!$T$23=0,0.00000001,Marks!$T$23)))*(Marks!$T$12/Marks!$BC$12)+((Marks!U29/IF(Marks!$U$23=0,0.00000001,Marks!$U$23)))*(Marks!$U$12/Marks!$BC$12)+((Marks!V29/IF(Marks!$V$23=0,0.00000001,Marks!$V$23)))*(Marks!$V$12/Marks!$BC$12)+((Marks!W29/IF(Marks!$W$23=0,0.00000001,Marks!$W$23)))*(Marks!$W$12/Marks!$BC$12)+((Marks!X29/IF(Marks!$X$23=0,0.00000001,Marks!$X$23)))*(Marks!$X$12/Marks!$BC$12)+((Marks!Y29/IF(Marks!$Y$23=0,0.00000001,Marks!$Y$23)))*(Marks!$Y$12/Marks!$BC$12)+((Marks!Z29/IF(Marks!$Z$23=0,0.00000001,Marks!$Z$23)))*(Marks!$Z$12/Marks!$BC$12)+((Marks!AA29/IF(Marks!$AA$23=0,0.00000001,Marks!$AA$23)))*(Marks!$AA$12/Marks!$BC$12)+((Marks!AB29/IF(Marks!$AB$23=0,0.00000001,Marks!$AB$23)))*(Marks!$AB$12/Marks!$BC$12)+((Marks!AC29/IF(Marks!$AC$23=0,0.00000001,Marks!$AC$23)))*(Marks!$AC$12/Marks!$BC$12)+((Marks!AD29/IF(Marks!$AD$23=0,0.00000001,Marks!$AD$23)))*(Marks!$AD$12/Marks!$BC$12)+((Marks!AE29/IF(Marks!$AE$23=0,0.00000001,Marks!$AE$23)))*(Marks!$AE$12/Marks!$BC$12)+((Marks!AF29/IF(Marks!$AF$23=0,0.00000001,Marks!$AF$23)))*(Marks!$AF$12/Marks!$BC$12)+((Marks!AG29/IF(Marks!$AG$23=0,0.00000001,Marks!$AG$23)))*(Marks!$AG$12/Marks!$BC$12)+((Marks!AH29/IF(Marks!$AH$23=0,0.00000001,Marks!$AH$23)))*(Marks!$AH$12/Marks!$BC$12)+((Marks!AI29/IF(Marks!$AI$23=0,0.00000001,Marks!$AI$23)))*(Marks!$AI$12/Marks!$BC$12)+((Marks!AJ29/IF(Marks!$AJ$23=0,0.00000001,Marks!$AJ$23)))*(Marks!$AJ$12/Marks!$BC$12)+((Marks!AK29/IF(Marks!$AK$23=0,0.00000001,Marks!$AK$23)))*(Marks!$AK$12/Marks!$BC$12)+((Marks!AL29/IF(Marks!$AL$23=0,0.00000001,Marks!$AL$23)))*(Marks!$AL$12/Marks!$BC$12)+((Marks!AM29/IF(Marks!$AM$23=0,0.00000001,Marks!$AM$23)))*(Marks!$AM$12/Marks!$BC$12)+((Marks!AN29/IF(Marks!$AN$23=0,0.00000001,Marks!$AN$23)))*(Marks!$AN$12/Marks!$BC$12)+((Marks!AO29/IF(Marks!$AO$23=0,0.00000001,Marks!$AO$23)))*(Marks!$AO$12/Marks!$BC$12)+((Marks!AP29/IF(Marks!$AP$23=0,0.00000001,Marks!$AP$23)))*(Marks!$AP$12/Marks!$BC$12)+((Marks!AQ29/IF(Marks!$AQ$23=0,0.00000001,Marks!$AQ$23)))*(Marks!$AQ$12/Marks!$BC$12)+((Marks!AR29/IF(Marks!$AR$23=0,0.00000001,Marks!$AR$23)))*(Marks!$AR$12/Marks!$BC$12)+((Marks!AS29/IF(Marks!$AS$23=0,0.00000001,Marks!$AS$23)))*(Marks!$AS$12/Marks!$BC$12)+((Marks!AT29/IF(Marks!$AT$23=0,0.00000001,Marks!$AT$23)))*(Marks!$AT$12/Marks!$BC$12)+((Marks!AU29/IF(Marks!$AU$23=0,0.00000001,Marks!$AU$23)))*(Marks!$AU$12/Marks!$BC$12)+((Marks!AV29/IF(Marks!$AV$23=0,0.00000001,Marks!$AV$23)))*(Marks!$AV$12/Marks!$BC$12)+((Marks!AW29/IF(Marks!$AW$23=0,0.00000001,Marks!$AW$23)))*(Marks!$AW$12/Marks!$BC$12)+((Marks!AX29/IF(Marks!$AX$23=0,0.00000001,Marks!$AX$23)))*(Marks!$AX$12/Marks!$BC$12)+((Marks!AY29/IF(Marks!$AY$23=0,0.00000001,Marks!$AY$23)))*(Marks!$AY$12/Marks!$BC$12)+((Marks!AZ29/IF(Marks!$AZ$23=0,0.00000001,Marks!$AZ$23)))*(Marks!$AZ$12/Marks!$BC$12)+((Marks!BA29/IF(Marks!$BA$23=0,0.00000001,Marks!$BA$23)))*(Marks!$BA$12/Marks!$BC$12)+((Marks!BB29/IF(Marks!$BB$23=0,0.00000001,Marks!$BB$23)))*(Marks!$BB$12/Marks!$BC$12))*100) -> 0 | J20: =IF(Marks!$BC$13=0,0,(((Marks!E29/IF(Marks!$E$23=0,0.00000001,Marks!$E$23)))*(Marks!$E$13/Marks!$BC$13)+((Marks!F29/IF(Marks!$F$23=0,0.00000001,Marks!$F$23)))*(Marks!$F$13/Marks!$BC$13)+((Marks!G29/IF(Marks!$G$23=0,0.00000001,Marks!$G$23)))*(Marks!$G$13/Marks!$BC$13)+((Marks!H29/IF(Marks!$H$23=0,0.00000001,Marks!$H$23)))*(Marks!$H$13/Marks!$BC$13)+((Marks!I29/IF(Marks!$I$23=0,0.00000001,Marks!$I$23)))*(Marks!$I$13/Marks!$BC$13)+((Marks!J29/IF(Marks!$J$23=0,0.00000001,Marks!$J$23)))*(Marks!$J$13/Marks!$BC$13)+((Marks!K29/IF(Marks!$K$23=0,0.00000001,Marks!$K$23)))*(Marks!$K$13/Marks!$BC$13)+((Marks!L29/IF(Marks!$L$23=0,0.00000001,Marks!$L$23)))*(Marks!$L$13/Marks!$BC$13)+((Marks!M29/IF(Marks!$M$23=0,0.00000001,Marks!$M$23)))*(Marks!$M$13/Marks!$BC$13)+((Marks!N29/IF(Marks!$N$23=0,0.00000001,Marks!$N$23)))*(Marks!$N$13/Marks!$BC$13)+((Marks!O29/IF(Marks!$O$23=0,0.00000001,Marks!$O$23)))*(Marks!$O$13/Marks!$BC$13)+((Marks!P29/IF(Marks!$P$23=0,0.0000001,Marks!$P$23)))*(Marks!$P$13/Marks!$BC$13)+((Marks!Q29/IF(Marks!$Q$23=0,0.0000001,Marks!$Q$23)))*(Marks!$Q$13/Marks!$BC$13)+((Marks!R29/IF(Marks!$R$23=0,0.00000001,Marks!$R$23)))*(Marks!$R$13/Marks!$BC$13)+((Marks!S29/IF(Marks!$S$23=0,0.00000001,Marks!$S$23)))*(Marks!$S$13/Marks!$BC$13)+((Marks!T29/IF(Marks!$T$23=0,0.00000001,Marks!$T$23)))*(Marks!$T$13/Marks!$BC$13)+((Marks!U29/IF(Marks!$U$23=0,0.00000001,Marks!$U$23)))*(Marks!$U$13/Marks!$BC$13)+((Marks!V29/IF(Marks!$V$23=0,0.00000001,Marks!$V$23)))*(Marks!$V$13/Marks!$BC$13)+((Marks!W29/IF(Marks!$W$23=0,0.00000001,Marks!$W$23)))*(Marks!$W$13/Marks!$BC$13)+((Marks!X29/IF(Marks!$X$23=0,0.00000001,Marks!$X$23)))*(Marks!$X$13/Marks!$BC$13)+((Marks!Y29/IF(Marks!$Y$23=0,0.00000001,Marks!$Y$23)))*(Marks!$Y$13/Marks!$BC$13)+((Marks!Z29/IF(Marks!$Z$23=0,0.00000001,Marks!$Z$23)))*(Marks!$Z$13/Marks!$BC$13)+((Marks!AA29/IF(Marks!$AA$23=0,0.00000001,Marks!$AA$23)))*(Marks!$AA$13/Marks!$BC$13)+((Marks!AB29/IF(Marks!$AB$23=0,0.00000001,Marks!$AB$23)))*(Marks!$AB$13/Marks!$BC$13)+((Marks!AC29/IF(Marks!$AC$23=0,0.00000001,Marks!$AC$23)))*(Marks!$AC$13/Marks!$BC$13)+((Marks!AD29/IF(Marks!$AD$23=0,0.00000001,Marks!$AD$23)))*(Marks!$AD$13/Marks!$BC$13)+((Marks!AE29/IF(Marks!$AE$23=0,0.00000001,Marks!$AE$23)))*(Marks!$AE$13/Marks!$BC$13)+((Marks!AF29/IF(Marks!$AF$23=0,0.00000001,Marks!$AF$23)))*(Marks!$AF$13/Marks!$BC$13)+((Marks!AG29/IF(Marks!$AG$23=0,0.00000001,Marks!$AG$23)))*(Marks!$AG$13/Marks!$BC$13)+((Marks!AH29/IF(Marks!$AH$23=0,0.00000001,Marks!$AH$23)))*(Marks!$AH$13/Marks!$BC$13)+((Marks!AI29/IF(Marks!$AI$23=0,0.00000001,Marks!$AI$23)))*(Marks!$AI$13/Marks!$BC$13)+((Marks!AJ29/IF(Marks!$AJ$23=0,0.00000001,Marks!$AJ$23)))*(Marks!$AJ$13/Marks!$BC$13)+((Marks!AK29/IF(Marks!$AK$23=0,0.00000001,Marks!$AK$23)))*(Marks!$AK$13/Marks!$BC$13)+((Marks!AL29/IF(Marks!$AL$23=0,0.00000001,Marks!$AL$23)))*(Marks!$AL$13/Marks!$BC$13)+((Marks!AM29/IF(Marks!$AM$23=0,0.00000001,Marks!$AM$23)))*(Marks!$AM$13/Marks!$BC$13)+((Marks!AN29/IF(Marks!$AN$23=0,0.00000001,Marks!$AN$23)))*(Marks!$AN$13/Marks!$BC$13)+((Marks!AO29/IF(Marks!$AO$23=0,0.00000001,Marks!$AO$23)))*(Marks!$AO$13/Marks!$BC$13)+((Marks!AP29/IF(Marks!$AP$23=0,0.00000001,Marks!$AP$23)))*(Marks!$AP$13/Marks!$BC$13)+((Marks!AQ29/IF(Marks!$AQ$23=0,0.00000001,Marks!$AQ$23)))*(Marks!$AQ$13/Marks!$BC$13)+((Marks!AR29/IF(Marks!$AR$23=0,0.00000001,Marks!$AR$23)))*(Marks!$AR$13/Marks!$BC$13)+((Marks!AS29/IF(Marks!$AS$23=0,0.00000001,Marks!$AS$23)))*(Marks!$AS$13/Marks!$BC$13)+((Marks!AT29/IF(Marks!$AT$23=0,0.00000001,Marks!$AT$23)))*(Marks!$AT$13/Marks!$BC$13)+((Marks!AU29/IF(Marks!$AU$23=0,0.00000001,Marks!$AU$23)))*(Marks!$AU$13/Marks!$BC$13)+((Marks!AV29/IF(Marks!$AV$23=0,0.00000001,Marks!$AV$23)))*(Marks!$AV$13/Marks!$BC$13)+((Marks!AW29/IF(Marks!$AW$23=0,0.00000001,Marks!$AW$23)))*(Marks!$AW$13/Marks!$BC$13)+((Marks!AX29/IF(Marks!$AX$23=0,0.00000001,Marks!$AX$23)))*(Marks!$AX$13/Marks!$BC$13)+((Marks!AY29/IF(Marks!$AY$23=0,0.00000001,Marks!$AY$23)))*(Marks!$AY$13/Marks!$BC$13)+((Marks!AZ29/IF(Marks!$AZ$23=0,0.00000001,Marks!$AZ$23)))*(Marks!$AZ$13/Marks!$BC$13)+((Marks!BA29/IF(Marks!$BA$23=0,0.00000001,Marks!$BA$23)))*(Marks!$BA$13/Marks!$BC$13)+((Marks!BB29/IF(Marks!$BB$23=0,0.00000001,Marks!$BB$23)))*(Marks!$BB$13/Marks!$BC$13))*100) -> 0 | K20: =IF(Marks!$BC$14=0,0,(((Marks!E29/IF(Marks!$E$23=0,0.00000001,Marks!$E$23)))*(Marks!$E$14/Marks!$BC$14)+((Marks!F29/IF(Marks!$F$23=0,0.00000001,Marks!$F$23)))*(Marks!$F$14/Marks!$BC$14)+((Marks!G29/IF(Marks!$G$23=0,0.00000001,Marks!$G$23)))*(Marks!$G$14/Marks!$BC$14)+((Marks!H29/IF(Marks!$H$23=0,0.00000001,Marks!$H$23)))*(Marks!$H$14/Marks!$BC$14)+((Marks!I29/IF(Marks!$I$23=0,0.00000001,Marks!$I$23)))*(Marks!$I$14/Marks!$BC$14)+((Marks!J29/IF(Marks!$J$23=0,0.00000001,Marks!$J$23)))*(Marks!$J$14/Marks!$BC$14)+((Marks!K29/IF(Marks!$K$23=0,0.00000001,Marks!$K$23)))*(Marks!$K$14/Marks!$BC$14)+((Marks!L29/IF(Marks!$L$23=0,0.00000001,Marks!$L$23)))*(Marks!$L$14/Marks!$BC$14)+((Marks!M29/IF(Marks!$M$23=0,0.00000001,Marks!$M$23)))*(Marks!$M$14/Marks!$BC$14)+((Marks!N29/IF(Marks!$N$23=0,0.00000001,Marks!$N$23)))*(Marks!$N$14/Marks!$BC$14)+((Marks!O29/IF(Marks!$O$23=0,0.00000001,Marks!$O$23)))*(Marks!$O$14/Marks!$BC$14)+((Marks!P29/IF(Marks!$P$23=0,0.0000001,Marks!$P$23)))*(Marks!$P$14/Marks!$BC$14)+((Marks!Q29/IF(Marks!$Q$23=0,0.0000001,Marks!$Q$23)))*(Marks!$Q$14/Marks!$BC$14)+((Marks!R29/IF(Marks!$R$23=0,0.00000001,Marks!$R$23)))*(Marks!$R$14/Marks!$BC$14)+((Marks!S29/IF(Marks!$S$23=0,0.00000001,Marks!$S$23)))*(Marks!$S$14/Marks!$BC$14)+((Marks!T29/IF(Marks!$T$23=0,0.00000001,Marks!$T$23)))*(Marks!$T$14/Marks!$BC$14)+((Marks!U29/IF(Marks!$U$23=0,0.00000001,Marks!$U$23)))*(Marks!$U$14/Marks!$BC$14)+((Marks!V29/IF(Marks!$V$23=0,0.00000001,Marks!$V$23)))*(Marks!$V$14/Marks!$BC$14)+((Marks!W29/IF(Marks!$W$23=0,0.00000001,Marks!$W$23)))*(Marks!$W$14/Marks!$BC$14)+((Marks!X29/IF(Marks!$X$23=0,0.00000001,Marks!$X$23)))*(Marks!$X$14/Marks!$BC$14)+((Marks!Y29/IF(Marks!$Y$23=0,0.00000001,Marks!$Y$23)))*(Marks!$Y$14/Marks!$BC$14)+((Marks!Z29/IF(Marks!$Z$23=0,0.00000001,Marks!$Z$23)))*(Marks!$Z$14/Marks!$BC$14)+((Marks!AA29/IF(Marks!$AA$23=0,0.00000001,Marks!$AA$23)))*(Marks!$AA$14/Marks!$BC$14)+((Marks!AB29/IF(Marks!$AB$23=0,0.00000001,Marks!$AB$23)))*(Marks!$AB$14/Marks!$BC$14)+((Marks!AC29/IF(Marks!$AC$23=0,0.00000001,Marks!$AC$23)))*(Marks!$AC$14/Marks!$BC$14)+((Marks!AD29/IF(Marks!$AD$23=0,0.00000001,Marks!$AD$23)))*(Marks!$AD$14/Marks!$BC$14)+((Marks!AE29/IF(Marks!$AE$23=0,0.00000001,Marks!$AE$23)))*(Marks!$AE$14/Marks!$BC$14)+((Marks!AF29/IF(Marks!$AF$23=0,0.00000001,Marks!$AF$23)))*(Marks!$AF$14/Marks!$BC$14)+((Marks!AG29/IF(Marks!$AG$23=0,0.00000001,Marks!$AG$23)))*(Marks!$AG$14/Marks!$BC$14)+((Marks!AH29/IF(Marks!$AH$23=0,0.00000001,Marks!$AH$23)))*(Marks!$AH$14/Marks!$BC$14)+((Marks!AI29/IF(Marks!$AI$23=0,0.00000001,Marks!$AI$23)))*(Marks!$AI$14/Marks!$BC$14)+((Marks!AJ29/IF(Marks!$AJ$23=0,0.00000001,Marks!$AJ$23)))*(Marks!$AJ$14/Marks!$BC$14)+((Marks!AK29/IF(Marks!$AK$23=0,0.00000001,Marks!$AK$23)))*(Marks!$AK$14/Marks!$BC$14)+((Marks!AL29/IF(Marks!$AL$23=0,0.00000001,Marks!$AL$23)))*(Marks!$AL$14/Marks!$BC$14)+((Marks!AM29/IF(Marks!$AM$23=0,0.00000001,Marks!$AM$23)))*(Marks!$AM$14/Marks!$BC$14)+((Marks!AN29/IF(Marks!$AN$23=0,0.00000001,Marks!$AN$23)))*(Marks!$AN$14/Marks!$BC$14)+((Marks!AO29/IF(Marks!$AO$23=0,0.00000001,Marks!$AO$23)))*(Marks!$AO$14/Marks!$BC$14)+((Marks!AP29/IF(Marks!$AP$23=0,0.00000001,Marks!$AP$23)))*(Marks!$AP$14/Marks!$BC$14)+((Marks!AQ29/IF(Marks!$AQ$23=0,0.00000001,Marks!$AQ$23)))*(Marks!$AQ$14/Marks!$BC$14)+((Marks!AR29/IF(Marks!$AR$23=0,0.00000001,Marks!$AR$23)))*(Marks!$AR$14/Marks!$BC$14)+((Marks!AS29/IF(Marks!$AS$23=0,0.00000001,Marks!$AS$23)))*(Marks!$AS$14/Marks!$BC$14)+((Marks!AT29/IF(Marks!$AT$23=0,0.00000001,Marks!$AT$23)))*(Marks!$AT$14/Marks!$BC$14)+((Marks!AU29/IF(Marks!$AU$23=0,0.00000001,Marks!$AU$23)))*(Marks!$AU$14/Marks!$BC$14)+((Marks!AV29/IF(Marks!$AV$23=0,0.00000001,Marks!$AV$23)))*(Marks!$AV$14/Marks!$BC$14)+((Marks!AW29/IF(Marks!$AW$23=0,0.00000001,Marks!$AW$23)))*(Marks!$AW$14/Marks!$BC$14)+((Marks!AX29/IF(Marks!$AX$23=0,0.00000001,Marks!$AX$23)))*(Marks!$AX$14/Marks!$BC$14)+((Marks!AY29/IF(Marks!$AY$23=0,0.00000001,Marks!$AY$23)))*(Marks!$AY$14/Marks!$BC$14)+((Marks!AZ29/IF(Marks!$AZ$23=0,0.00000001,Marks!$AZ$23)))*(Marks!$AZ$14/Marks!$BC$14)+((Marks!BA29/IF(Marks!$BA$23=0,0.00000001,Marks!$BA$23)))*(Marks!$BA$14/Marks!$BC$14)+((Marks!BB29/IF(Marks!$BB$23=0,0.00000001,Marks!$BB$23)))*(Marks!$BB$14/Marks!$BC$14))*100) -> 0 | L20: =IF(Marks!$BC$15=0,0,(((Marks!E29/IF(Marks!$E$23=0,0.00000001,Marks!$E$23)))*(Marks!$E$15/Marks!$BC$15)+((Marks!F29/IF(Marks!$F$23=0,0.00000001,Marks!$F$23)))*(Marks!$F$15/Marks!$BC$15)+((Marks!G29/IF(Marks!$G$23=0,0.00000001,Marks!$G$23)))*(Marks!$G$15/Marks!$BC$15)+((Marks!H29/IF(Marks!$H$23=0,0.00000001,Marks!$H$23)))*(Marks!$H$15/Marks!$BC$15)+((Marks!I29/IF(Marks!$I$23=0,0.00000001,Marks!$I$23)))*(Marks!$I$15/Marks!$BC$15)+((Marks!J29/IF(Marks!$J$23=0,0.00000001,Marks!$J$23)))*(Marks!$J$15/Marks!$BC$15)+((Marks!K29/IF(Marks!$K$23=0,0.00000001,Marks!$K$23)))*(Marks!$K$15/Marks!$BC$15)+((Marks!L29/IF(Marks!$L$23=0,0.00000001,Marks!$L$23)))*(Marks!$L$15/Marks!$BC$15)+((Marks!M29/IF(Marks!$M$23=0,0.00000001,Marks!$M$23)))*(Marks!$M$15/Marks!$BC$15)+((Marks!N29/IF(Marks!$N$23=0,0.00000001,Marks!$N$23)))*(Marks!$N$15/Marks!$BC$15)+((Marks!O29/IF(Marks!$O$23=0,0.00000001,Marks!$O$23)))*(Marks!$O$15/Marks!$BC$15)+((Marks!P29/IF(Marks!$P$23=0,0.0000001,Marks!$P$23)))*(Marks!$P$15/Marks!$BC$15)+((Marks!Q29/IF(Marks!$Q$23=0,0.0000001,Marks!$Q$23)))*(Marks!$Q$15/Marks!$BC$15)+((Marks!R29/IF(Marks!$R$23=0,0.00000001,Marks!$R$23)))*(Marks!$R$15/Marks!$BC$15)+((Marks!S29/IF(Marks!$S$23=0,0.00000001,Marks!$S$23)))*(Marks!$S$15/Marks!$BC$15)+((Marks!T29/IF(Marks!$T$23=0,0.00000001,Marks!$T$23)))*(Marks!$T$15/Marks!$BC$15)+((Marks!U29/IF(Marks!$U$23=0,0.00000001,Marks!$U$23)))*(Marks!$U$15/Marks!$BC$15)+((Marks!V29/IF(Marks!$V$23=0,0.00000001,Marks!$V$23)))*(Marks!$V$15/Marks!$BC$15)+((Marks!W29/IF(Marks!$W$23=0,0.00000001,Marks!$W$23)))*(Marks!$W$15/Marks!$BC$15)+((Marks!X29/IF(Marks!$X$23=0,0.00000001,Marks!$X$23)))*(Marks!$X$15/Marks!$BC$15)+((Marks!Y29/IF(Marks!$Y$23=0,0.00000001,Marks!$Y$23)))*(Marks!$Y$15/Marks!$BC$15)+((Marks!Z29/IF(Marks!$Z$23=0,0.00000001,Marks!$Z$23)))*(Marks!$Z$15/Marks!$BC$15)+((Marks!AA29/IF(Marks!$AA$23=0,0.00000001,Marks!$AA$23)))*(Marks!$AA$15/Marks!$BC$15)+((Marks!AB29/IF(Marks!$AB$23=0,0.00000001,Marks!$AB$23)))*(Marks!$AB$15/Marks!$BC$15)+((Marks!AC29/IF(Marks!$AC$23=0,0.00000001,Marks!$AC$23)))*(Marks!$AC$15/Marks!$BC$15)+((Marks!AD29/IF(Marks!$AD$23=0,0.00000001,Marks!$AD$23)))*(Marks!$AD$15/Marks!$BC$15)+((Marks!AE29/IF(Marks!$AE$23=0,0.00000001,Marks!$AE$23)))*(Marks!$AE$15/Marks!$BC$15)+((Marks!AF29/IF(Marks!$AF$23=0,0.00000001,Marks!$AF$23)))*(Marks!$AF$15/Marks!$BC$15)+((Marks!AG29/IF(Marks!$AG$23=0,0.00000001,Marks!$AG$23)))*(Marks!$AG$15/Marks!$BC$15)+((Marks!AH29/IF(Marks!$AH$23=0,0.00000001,Marks!$AH$23)))*(Marks!$AH$15/Marks!$BC$15)+((Marks!AI29/IF(Marks!$AI$23=0,0.00000001,Marks!$AI$23)))*(Marks!$AI$15/Marks!$BC$15)+((Marks!AJ29/IF(Marks!$AJ$23=0,0.00000001,Marks!$AJ$23)))*(Marks!$AJ$15/Marks!$BC$15)+((Marks!AK29/IF(Marks!$AK$23=0,0.00000001,Marks!$AK$23)))*(Marks!$AK$15/Marks!$BC$15)+((Marks!AL29/IF(Marks!$AL$23=0,0.00000001,Marks!$AL$23)))*(Marks!$AL$15/Marks!$BC$15)+((Marks!AM29/IF(Marks!$AM$23=0,0.00000001,Marks!$AM$23)))*(Marks!$AM$15/Marks!$BC$15)+((Marks!AN29/IF(Marks!$AN$23=0,0.00000001,Marks!$AN$23)))*(Marks!$AN$15/Marks!$BC$15)+((Marks!AO29/IF(Marks!$AO$23=0,0.00000001,Marks!$AO$23)))*(Marks!$AO$15/Marks!$BC$15)+((Marks!AP29/IF(Marks!$AP$23=0,0.00000001,Marks!$AP$23)))*(Marks!$AP$15/Marks!$BC$15)+((Marks!AQ29/IF(Marks!$AQ$23=0,0.00000001,Marks!$AQ$23)))*(Marks!$AQ$15/Marks!$BC$15)+((Marks!AR29/IF(Marks!$AR$23=0,0.00000001,Marks!$AR$23)))*(Marks!$AR$15/Marks!$BC$15)+((Marks!AS29/IF(Marks!$AS$23=0,0.00000001,Marks!$AS$23)))*(Marks!$AS$15/Marks!$BC$15)+((Marks!AT29/IF(Marks!$AT$23=0,0.00000001,Marks!$AT$23)))*(Marks!$AT$15/Marks!$BC$15)+((Marks!AU29/IF(Marks!$AU$23=0,0.00000001,Marks!$AU$23)))*(Marks!$AU$15/Marks!$BC$15)+((Marks!AV29/IF(Marks!$AV$23=0,0.00000001,Marks!$AV$23)))*(Marks!$AV$15/Marks!$BC$15)+((Marks!AW29/IF(Marks!$AW$23=0,0.00000001,Marks!$AW$23)))*(Marks!$AW$15/Marks!$BC$15)+((Marks!AX29/IF(Marks!$AX$23=0,0.00000001,Marks!$AX$23)))*(Marks!$AX$15/Marks!$BC$15)+((Marks!AY29/IF(Marks!$AY$23=0,0.00000001,Marks!$AY$23)))*(Marks!$AY$15/Marks!$BC$15)+((Marks!AZ29/IF(Marks!$AZ$23=0,0.00000001,Marks!$AZ$23)))*(Marks!$AZ$15/Marks!$BC$15)+((Marks!BA29/IF(Marks!$BA$23=0,0.00000001,Marks!$BA$23)))*(Marks!$BA$15/Marks!$BC$15)+((Marks!BB29/IF(Marks!$BB$23=0,0.00000001,Marks!$BB$23)))*(Marks!$BB$15/Marks!$BC$15))*100) -> 0 | M20: =IF(Marks!$BC$16=0,0,(((Marks!E29/IF(Marks!$E$23=0,0.00000001,Marks!$E$23)))*(Marks!$E$16/Marks!$BC$16)+((Marks!F29/IF(Marks!$F$23=0,0.00000001,Marks!$F$23)))*(Marks!$F$16/Marks!$BC$16)+((Marks!G29/IF(Marks!$G$23=0,0.00000001,Marks!$G$23)))*(Marks!$G$16/Marks!$BC$16)+((Marks!H29/IF(Marks!$H$23=0,0.00000001,Marks!$H$23)))*(Marks!$H$16/Marks!$BC$16)+((Marks!I29/IF(Marks!$I$23=0,0.00000001,Marks!$I$23)))*(Marks!$I$16/Marks!$BC$16)+((Marks!J29/IF(Marks!$J$23=0,0.00000001,Marks!$J$23)))*(Marks!$J$16/Marks!$BC$16)+((Marks!K29/IF(Marks!$K$23=0,0.00000001,Marks!$K$23)))*(Marks!$K$16/Marks!$BC$16)+((Marks!L29/IF(Marks!$L$23=0,0.00000001,Marks!$L$23)))*(Marks!$L$16/Marks!$BC$16)+((Marks!M29/IF(Marks!$M$23=0,0.00000001,Marks!$M$23)))*(Marks!$M$16/Marks!$BC$16)+((Marks!N29/IF(Marks!$N$23=0,0.00000001,Marks!$N$23)))*(Marks!$N$16/Marks!$BC$16)+((Marks!O29/IF(Marks!$O$23=0,0.00000001,Marks!$O$23)))*(Marks!$O$16/Marks!$BC$16)+((Marks!P29/IF(Marks!$P$23=0,0.0000001,Marks!$P$23)))*(Marks!$P$16/Marks!$BC$16)+((Marks!Q29/IF(Marks!$Q$23=0,0.0000001,Marks!$Q$23)))*(Marks!$Q$16/Marks!$BC$16)+((Marks!R29/IF(Marks!$R$23=0,0.00000001,Marks!$R$23)))*(Marks!$R$16/Marks!$BC$16)+((Marks!S29/IF(Marks!$S$23=0,0.00000001,Marks!$S$23)))*(Marks!$S$16/Marks!$BC$16)+((Marks!T29/IF(Marks!$T$23=0,0.00000001,Marks!$T$23)))*(Marks!$T$16/Marks!$BC$16)+((Marks!U29/IF(Marks!$U$23=0,0.00000001,Marks!$U$23)))*(Marks!$U$16/Marks!$BC$16)+((Marks!V29/IF(Marks!$V$23=0,0.00000001,Marks!$V$23)))*(Marks!$V$16/Marks!$BC$16)+((Marks!W29/IF(Marks!$W$23=0,0.00000001,Marks!$W$23)))*(Marks!$W$16/Marks!$BC$16)+((Marks!X29/IF(Marks!$X$23=0,0.00000001,Marks!$X$23)))*(Marks!$X$16/Marks!$BC$16)+((Marks!Y29/IF(Marks!$Y$23=0,0.00000001,Marks!$Y$23)))*(Marks!$Y$16/Marks!$BC$16)+((Marks!Z29/IF(Marks!$Z$23=0,0.00000001,Marks!$Z$23)))*(Marks!$Z$16/Marks!$BC$16)+((Marks!AA29/IF(Marks!$AA$23=0,0.00000001,Marks!$AA$23)))*(Marks!$AA$16/Marks!$BC$16)+((Marks!AB29/IF(Marks!$AB$23=0,0.00000001,Marks!$AB$23)))*(Marks!$AB$16/Marks!$BC$16)+((Marks!AC29/IF(Marks!$AC$23=0,0.00000001,Marks!$AC$23)))*(Marks!$AC$16/Marks!$BC$16)+((Marks!AD29/IF(Marks!$AD$23=0,0.00000001,Marks!$AD$23)))*(Marks!$AD$16/Marks!$BC$16)+((Marks!AE29/IF(Marks!$AE$23=0,0.00000001,Marks!$AE$23)))*(Marks!$AE$16/Marks!$BC$16)+((Marks!AF29/IF(Marks!$AF$23=0,0.00000001,Marks!$AF$23)))*(Marks!$AF$16/Marks!$BC$16)+((Marks!AG29/IF(Marks!$AG$23=0,0.00000001,Marks!$AG$23)))*(Marks!$AG$16/Marks!$BC$16)+((Marks!AH29/IF(Marks!$AH$23=0,0.00000001,Marks!$AH$23)))*(Marks!$AH$16/Marks!$BC$16)+((Marks!AI29/IF(Marks!$AI$23=0,0.00000001,Marks!$AI$23)))*(Marks!$AI$16/Marks!$BC$16)+((Marks!AJ29/IF(Marks!$AJ$23=0,0.00000001,Marks!$AJ$23)))*(Marks!$AJ$16/Marks!$BC$16)+((Marks!AK29/IF(Marks!$AK$23=0,0.00000001,Marks!$AK$23)))*(Marks!$AK$16/Marks!$BC$16)+((Marks!AL29/IF(Marks!$AL$23=0,0.00000001,Marks!$AL$23)))*(Marks!$AL$16/Marks!$BC$16)+((Marks!AM29/IF(Marks!$AM$23=0,0.00000001,Marks!$AM$23)))*(Marks!$AM$16/Marks!$BC$16)+((Marks!AN29/IF(Marks!$AN$23=0,0.00000001,Marks!$AN$23)))*(Marks!$AN$16/Marks!$BC$16)+((Marks!AO29/IF(Marks!$AO$23=0,0.00000001,Marks!$AO$23)))*(Marks!$AO$16/Marks!$BC$16)+((Marks!AP29/IF(Marks!$AP$23=0,0.00000001,Marks!$AP$23)))*(Marks!$AP$16/Marks!$BC$16)+((Marks!AQ29/IF(Marks!$AQ$23=0,0.00000001,Marks!$AQ$23)))*(Marks!$AQ$16/Marks!$BC$16)+((Marks!AR29/IF(Marks!$AR$23=0,0.00000001,Marks!$AR$23)))*(Marks!$AR$16/Marks!$BC$16)+((Marks!AS29/IF(Marks!$AS$23=0,0.00000001,Marks!$AS$23)))*(Marks!$AS$16/Marks!$BC$16)+((Marks!AT29/IF(Marks!$AT$23=0,0.00000001,Marks!$AT$23)))*(Marks!$AT$16/Marks!$BC$16)+((Marks!AU29/IF(Marks!$AU$23=0,0.00000001,Marks!$AU$23)))*(Marks!$AU$16/Marks!$BC$16)+((Marks!AV29/IF(Marks!$AV$23=0,0.00000001,Marks!$AV$23)))*(Marks!$AV$16/Marks!$BC$16)+((Marks!AW29/IF(Marks!$AW$23=0,0.00000001,Marks!$AW$23)))*(Marks!$AW$16/Marks!$BC$16)+((Marks!AX29/IF(Marks!$AX$23=0,0.00000001,Marks!$AX$23)))*(Marks!$AX$16/Marks!$BC$16)+((Marks!AY29/IF(Marks!$AY$23=0,0.00000001,Marks!$AY$23)))*(Marks!$AY$16/Marks!$BC$16)+((Marks!AZ29/IF(Marks!$AZ$23=0,0.00000001,Marks!$AZ$23)))*(Marks!$AZ$16/Marks!$BC$16)+((Marks!BA29/IF(Marks!$BA$23=0,0.00000001,Marks!$BA$23)))*(Marks!$BA$16/Marks!$BC$16)+((Marks!BB29/IF(Marks!$BB$23=0,0.00000001,Marks!$BB$23)))*(Marks!$BB$16/Marks!$BC$16))*100) -> 0 | N20: =IF(Marks!$BC$17=0,0,(((Marks!E29/IF(Marks!$E$23=0,0.00000001,Marks!$E$23)))*(Marks!$E$17/Marks!$BC$17)+((Marks!F29/IF(Marks!$F$23=0,0.00000001,Marks!$F$23)))*(Marks!$F$17/Marks!$BC$17)+((Marks!G29/IF(Marks!$G$23=0,0.00000001,Marks!$G$23)))*(Marks!$G$17/Marks!$BC$17)+((Marks!H29/IF(Marks!$H$23=0,0.00000001,Marks!$H$23)))*(Marks!$H$17/Marks!$BC$17)+((Marks!I29/IF(Marks!$I$23=0,0.00000001,Marks!$I$23)))*(Marks!$I$17/Marks!$BC$17)+((Marks!J29/IF(Marks!$J$23=0,0.00000001,Marks!$J$23)))*(Marks!$J$17/Marks!$BC$17)+((Marks!K29/IF(Marks!$K$23=0,0.00000001,Marks!$K$23)))*(Marks!$K$17/Marks!$BC$17)+((Marks!L29/IF(Marks!$L$23=0,0.00000001,Marks!$L$23)))*(Marks!$L$17/Marks!$BC$17)+((Marks!M29/IF(Marks!$M$23=0,0.00000001,Marks!$M$23)))*(Marks!$M$17/Marks!$BC$17)+((Marks!N29/IF(Marks!$N$23=0,0.00000001,Marks!$N$23)))*(Marks!$N$17/Marks!$BC$17)+((Marks!O29/IF(Marks!$O$23=0,0.00000001,Marks!$O$23)))*(Marks!$O$17/Marks!$BC$17)+((Marks!P29/IF(Marks!$P$23=0,0.0000001,Marks!$P$23)))*(Marks!$P$17/Marks!$BC$17)+((Marks!Q29/IF(Marks!$Q$23=0,0.0000001,Marks!$Q$23)))*(Marks!$Q$17/Marks!$BC$17)+((Marks!R29/IF(Marks!$R$23=0,0.00000001,Marks!$R$23)))*(Marks!$R$17/Marks!$BC$17)+((Marks!S29/IF(Marks!$S$23=0,0.00000001,Marks!$S$23)))*(Marks!$S$17/Marks!$BC$17)+((Marks!T29/IF(Marks!$T$23=0,0.00000001,Marks!$T$23)))*(Marks!$T$17/Marks!$BC$17)+((Marks!U29/IF(Marks!$U$23=0,0.00000001,Marks!$U$23)))*(Marks!$U$17/Marks!$BC$17)+((Marks!V29/IF(Marks!$V$23=0,0.00000001,Marks!$V$23)))*(Marks!$V$17/Marks!$BC$17)+((Marks!W29/IF(Marks!$W$23=0,0.00000001,Marks!$W$23)))*(Marks!$W$17/Marks!$BC$17)+((Marks!X29/IF(Marks!$X$23=0,0.00000001,Marks!$X$23)))*(Marks!$X$17/Marks!$BC$17)+((Marks!Y29/IF(Marks!$Y$23=0,0.00000001,Marks!$Y$23)))*(Marks!$Y$17/Marks!$BC$17)+((Marks!Z29/IF(Marks!$Z$23=0,0.00000001,Marks!$Z$23)))*(Marks!$Z$17/Marks!$BC$17)+((Marks!AA29/IF(Marks!$AA$23=0,0.00000001,Marks!$AA$23)))*(Marks!$AA$17/Marks!$BC$17)+((Marks!AB29/IF(Marks!$AB$23=0,0.00000001,Marks!$AB$23)))*(Marks!$AB$17/Marks!$BC$17)+((Marks!AC29/IF(Marks!$AC$23=0,0.00000001,Marks!$AC$23)))*(Marks!$AC$17/Marks!$BC$17)+((Marks!AD29/IF(Marks!$AD$23=0,0.00000001,Marks!$AD$23)))*(Marks!$AD$17/Marks!$BC$17)+((Marks!AE29/IF(Marks!$AE$23=0,0.00000001,Marks!$AE$23)))*(Marks!$AE$17/Marks!$BC$17)+((Marks!AF29/IF(Marks!$AF$23=0,0.00000001,Marks!$AF$23)))*(Marks!$AF$17/Marks!$BC$17)+((Marks!AG29/IF(Marks!$AG$23=0,0.00000001,Marks!$AG$23)))*(Marks!$AG$17/Marks!$BC$17)+((Marks!AH29/IF(Marks!$AH$23=0,0.00000001,Marks!$AH$23)))*(Marks!$AH$17/Marks!$BC$17)+((Marks!AI29/IF(Marks!$AI$23=0,0.00000001,Marks!$AI$23)))*(Marks!$AI$17/Marks!$BC$17)+((Marks!AJ29/IF(Marks!$AJ$23=0,0.00000001,Marks!$AJ$23)))*(Marks!$AJ$17/Marks!$BC$17)+((Marks!AK29/IF(Marks!$AK$23=0,0.00000001,Marks!$AK$23)))*(Marks!$AK$17/Marks!$BC$17)+((Marks!AL29/IF(Marks!$AL$23=0,0.00000001,Marks!$AL$23)))*(Marks!$AL$17/Marks!$BC$17)+((Marks!AM29/IF(Marks!$AM$23=0,0.00000001,Marks!$AM$23)))*(Marks!$AM$17/Marks!$BC$17)+((Marks!AN29/IF(Marks!$AN$23=0,0.00000001,Marks!$AN$23)))*(Marks!$AN$17/Marks!$BC$17)+((Marks!AO29/IF(Marks!$AO$23=0,0.00000001,Marks!$AO$23)))*(Marks!$AO$17/Marks!$BC$17)+((Marks!AP29/IF(Marks!$AP$23=0,0.00000001,Marks!$AP$23)))*(Marks!$AP$17/Marks!$BC$17)+((Marks!AQ29/IF(Marks!$AQ$23=0,0.00000001,Marks!$AQ$23)))*(Marks!$AQ$17/Marks!$BC$17)+((Marks!AR29/IF(Marks!$AR$23=0,0.00000001,Marks!$AR$23)))*(Marks!$AR$17/Marks!$BC$17)+((Marks!AS29/IF(Marks!$AS$23=0,0.00000001,Marks!$AS$23)))*(Marks!$AS$17/Marks!$BC$17)+((Marks!AT29/IF(Marks!$AT$23=0,0.00000001,Marks!$AT$23)))*(Marks!$AT$17/Marks!$BC$17)+((Marks!AU29/IF(Marks!$AU$23=0,0.00000001,Marks!$AU$23)))*(Marks!$AU$17/Marks!$BC$17)+((Marks!AV29/IF(Marks!$AV$23=0,0.00000001,Marks!$AV$23)))*(Marks!$AV$17/Marks!$BC$17)+((Marks!AW29/IF(Marks!$AW$23=0,0.00000001,Marks!$AW$23)))*(Marks!$AW$17/Marks!$BC$17)+((Marks!AX29/IF(Marks!$AX$23=0,0.00000001,Marks!$AX$23)))*(Marks!$AX$17/Marks!$BC$17)+((Marks!AY29/IF(Marks!$AY$23=0,0.00000001,Marks!$AY$23)))*(Marks!$AY$17/Marks!$BC$17)+((Marks!AZ29/IF(Marks!$AZ$23=0,0.00000001,Marks!$AZ$23)))*(Marks!$AZ$17/Marks!$BC$17)+((Marks!BA29/IF(Marks!$BA$23=0,0.00000001,Marks!$BA$23)))*(Marks!$BA$17/Marks!$BC$17)+((Marks!BB29/IF(Marks!$BB$23=0,0.00000001,Marks!$BB$23)))*(Marks!$BB$17/Marks!$BC$17))*100) -> 0 | P20: =(C20*'Course Info'!$C$28/'Course Info'!$C$40)+(D20*'Course Info'!$C$29/'Course Info'!$C$40)+(E20*'Course Info'!$C$30/'Course Info'!$C$40)+(F20*'Course Info'!$C$31/'Course Info'!$C$40)+(G20*'Course Info'!$C$32/'Course Info'!$C$40)+(H20*'Course Info'!$C$33/'Course Info'!$C$40)+(I20*'Course Info'!$C$34/'Course Info'!$C$40)+(J20*'Course Info'!$C$35/'Course Info'!$C$40)+(K20*'Course Info'!$C$36/'Course Info'!$C$40)+(L20*'Course Info'!$C$37/'Course Info'!$C$40)+(M20*'Course Info'!$C$38/'Course Info'!$C$40)+(N20*'Course Info'!$C$39/'Course Info'!$C$40) -> 61.428571 | Q20: =(C20*'Course Info'!$D$28/'Course Info'!$D$40)+(D20*'Course Info'!$D$29/'Course Info'!$D$40)+(E20*'Course Info'!$D$30/'Course Info'!$D$40)+(F20*'Course Info'!$D$31/'Course Info'!$D$40)+(G20*'Course Info'!$D$32/'Course Info'!$D$40)+(H20*'Course Info'!$D$33/'Course Info'!$D$40)+(I20*'Course Info'!$D$34/'Course Info'!$D$40)+(J20*'Course Info'!$D$35/'Course Info'!$D$40)+(K20*'Course Info'!$D$36/'Course Info'!$D$40)+(L20*'Course Info'!$D$37/'Course Info'!$D$40)+(M20*'Course Info'!$D$38/'Course Info'!$D$40)+(N20*'Course Info'!$D$39/'Course Info'!$D$40) -> 56.833333 | R20: =(C20*'Course Info'!$E$28/'Course Info'!$E$40)+(D20*'Course Info'!$E$29/'Course Info'!$E$40)+(E20*'Course Info'!$E$30/'Course Info'!$E$40)+(F20*'Course Info'!$E$31/'Course Info'!$E$40)+(G20*'Course Info'!$E$32/'Course Info'!$E$40)+(H20*'Course Info'!$E$33/'Course Info'!$E$40)+(I20*'Course Info'!$E$34/'Course Info'!$E$40)+(J20*'Course Info'!$E$35/'Course Info'!$E$40)+(K20*'Course Info'!$E$36/'Course Info'!$E$40)+(L20*'Course Info'!$E$37/'Course Info'!$E$40)+(M20*'Course Info'!$E$38/'Course Info'!$E$40)+(N20*'Course Info'!$E$39/'Course Info'!$E$40) -> #DIV/0! | S20: =(C20*'Course Info'!$F$28/'Course Info'!$F$40)+(D20*'Course Info'!$F$29/'Course Info'!$F$40)+(E20*'Course Info'!$F$30/'Course Info'!$F$40)+(F20*'Course Info'!$F$31/'Course Info'!$F$40)+(G20*'Course Info'!$F$32/'Course Info'!$F$40)+(H20*'Course Info'!$F$33/'Course Info'!$F$40)+(I20*'Course Info'!$F$34/'Course Info'!$F$40)+(J20*'Course Info'!$F$35/'Course Info'!$F$40)+(K20*'Course Info'!$F$36/'Course Info'!$F$40)+(L20*'Course Info'!$F$37/'Course Info'!$F$40)+(M20*'Course Info'!$F$38/'Course Info'!$F$40)+(N20*'Course Info'!$F$39/'Course Info'!$F$40) -> #DIV/0! | T20: =(C20*'Course Info'!$G$28/'Course Info'!$G$40)+(D20*'Course Info'!$G$29/'Course Info'!$G$40)+(E20*'Course Info'!$G$30/'Course Info'!$G$40)+(F20*'Course Info'!$G$31/'Course Info'!$G$40)+(G20*'Course Info'!$G$32/'Course Info'!$G$40)+(H20*'Course Info'!$G$33/'Course Info'!$G$40)+(I20*'Course Info'!$G$34/'Course Info'!$G$40)+(J20*'Course Info'!$G$35/'Course Info'!$G$40)+(K20*'Course Info'!$G$36/'Course Info'!$G$40)+(L20*'Course Info'!$G$37/'Course Info'!$G$40)+(M20*'Course Info'!$G$38/'Course Info'!$G$40)+(N20*'Course Info'!$G$39/'Course Info'!$G$40) -> #DIV/0! | U20: =(C20*'Course Info'!$H$28/'Course Info'!$H$40)+(D20*'Course Info'!$H$29/'Course Info'!$H$40)+(E20*'Course Info'!$H$30/'Course Info'!$H$40)+(F20*'Course Info'!$H$31/'Course Info'!$H$40)+(G20*'Course Info'!$H$32/'Course Info'!$H$40)+(H20*'Course Info'!$H$33/'Course Info'!$H$40)+(I20*'Course Info'!$H$34/'Course Info'!$H$40)+(J20*'Course Info'!$H$35/'Course Info'!$H$40)+(K20*'Course Info'!$H$36/'Course Info'!$H$40)+(L20*'Course Info'!$H$37/'Course Info'!$H$40)+(M20*'Course Info'!$H$38/'Course Info'!$H$40)++(N20*'Course Info'!$H$39/'Course Info'!$H$40) -> #DIV/0! | V20: =(C20*'Course Info'!$I$28/'Course Info'!$I$40)+(D20*'Course Info'!$I$29/'Course Info'!$I$40)+(E20*'Course Info'!$I$30/'Course Info'!$I$40)+(F20*'Course Info'!$I$31/'Course Info'!$I$40)+(G20*'Course Info'!$I$32/'Course Info'!$I$40)+(H20*'Course Info'!$I$33/'Course Info'!$I$40)+(I20*'Course Info'!$I$34/'Course Info'!$I$40)+(J20*'Course Info'!$I$35/'Course Info'!$I$40)+(K20*'Course Info'!$I$36/'Course Info'!$I$40)+(L20*'Course Info'!$I$37/'Course Info'!$I$40)+(M20*'Course Info'!$I$38/'Course Info'!$I$40)+(N20*'Course Info'!$I$39/'Course Info'!$I$40) -> #DIV/0! | W20: =(C20*'Course Info'!$J$28/'Course Info'!$J$40)+(D20*'Course Info'!$J$29/'Course Info'!$J$40)+(E20*'Course Info'!$J$30/'Course Info'!$J$40)+(F20*'Course Info'!$J$31/'Course Info'!$J$40)+(G20*'Course Info'!$J$32/'Course Info'!$J$40)+(H20*'Course Info'!$J$33/'Course Info'!$J$40)+(I20*'Course Info'!$J$34/'Course Info'!$J$40)+(J20*'Course Info'!$J$35/'Course Info'!$J$40)+(K20*'Course Info'!$J$36/'Course Info'!$J$40)+(L20*'Course Info'!$J$37/'Course Info'!$J$40)+(M20*'Course Info'!$J$38/'Course Info'!$J$40)+(N20*'Course Info'!$J$39/'Course Info'!$J$40) -> #DIV/0! | X20: =(C20*'Course Info'!$K$28/'Course Info'!$K$40)+(D20*'Course Info'!$K$29/'Course Info'!$K$40)+(E20*'Course Info'!$K$30/'Course Info'!$K$40)+(F20*'Course Info'!$K$31/'Course Info'!$K$40)+(G20*'Course Info'!$K$32/'Course Info'!$K$40)+(H20*'Course Info'!$K$33/'Course Info'!$K$40)+(I20*'Course Info'!$K$34/'Course Info'!$K$40)+(J20*'Course Info'!$K$35/'Course Info'!$K$40)+(K20*'Course Info'!$K$36/'Course Info'!$K$40)+(L20*'Course Info'!$K$37/'Course Info'!$K$40)+(M20*'Course Info'!$K$38/'Course Info'!$K$40)+(N20*'Course Info'!$K$39/'Course Info'!$K$40) -> 80 | Y20: =(C20*'Course Info'!$L$28/'Course Info'!$L$40)+(D20*'Course Info'!$L$29/'Course Info'!$L$40)+(E20*'Course Info'!$L$30/'Course Info'!$L$40)+(F20*'Course Info'!$L$31/'Course Info'!$L$40)+(G20*'Course Info'!$L$32/'Course Info'!$L$40)+(H20*'Course Info'!$L$33/'Course Info'!$L$40)+(I20*'Course Info'!$L$34/'Course Info'!$L$40)+(J20*'Course Info'!$L$35/'Course Info'!$L$40)+(K20*'Course Info'!$L$36/'Course Info'!$L$40)+(L20*'Course Info'!$L$37/'Course Info'!$L$40)+(M20*'Course Info'!$L$38/'Course Info'!$L$40)+(N20*'Course Info'!$L$39/'Course Info'!$L$40) -> #DIV/0! | Z20: =(C20*'Course Info'!$M$28/'Course Info'!$M$40)+(D20*'Course Info'!$M$29/'Course Info'!$M$40)+(E20*'Course Info'!$M$30/'Course Info'!$M$40)+(F20*'Course Info'!$M$31/'Course Info'!$M$40)+(G20*'Course Info'!$M$32/'Course Info'!$M$40)+(H20*'Course Info'!$M$33/'Course Info'!$M$40)+(I20*'Course Info'!$M$34/'Course Info'!$M$40)+(J20*'Course Info'!$M$35/'Course Info'!$M$40)+(K20*'Course Info'!$M$36/'Course Info'!$M$40)+(L20*'Course Info'!$M$37/'Course Info'!$M$40)+(M20*'Course Info'!$M$38/'Course Info'!$M$40)+(N20*'Course Info'!$M$39/'Course Info'!$M$40) -> #DIV/0! | AA20: =(C20*'Course Info'!$N$28/'Course Info'!$N$40)+(D20*'Course Info'!$N$29/'Course Info'!$N$40)+(E20*'Course Info'!$N$30/'Course Info'!$N$40)+(F20*'Course Info'!$N$31/'Course Info'!$N$40)+(G20*'Course Info'!$N$32/'Course Info'!$N$40)+(H20*'Course Info'!$N$33/'Course Info'!$N$40)+(I20*'Course Info'!$N$34/'Course Info'!$N$40)+(J20*'Course Info'!$N$35/'Course Info'!$N$40)+(K20*'Course Info'!$N$36/'Course Info'!$N$40)+(L20*'Course Info'!$N$37/'Course Info'!$N$40)+(M20*'Course Info'!$N$38/'Course Info'!$N$40)+(N20*'Course Info'!$N$39/'Course Info'!$N$40) -> #DIV/0!
